.гес	sg,nom,comp
.гем	sg,nom,comp
.	sg,nom
.эз|гес	sg,acc,comp
.эз|гем	sg,acc,comp
.эз	sg,acc
.ыз|гес	sg,acc,comp
.ыз|гем	sg,acc,comp
.ыз	sg,acc
.лэн|гес	sg,gen,comp
.лэн|гем	sg,gen,comp
.лэн	sg,gen
.лэсь|гес	sg,abl,comp
.лэсь|гем	sg,abl,comp
.лэсь	sg,abl
.лы|гес	sg,dat,comp
.лы|гем	sg,dat,comp
.лы	sg,dat
.эн|гес	sg,ins,comp
.эн|гем	sg,ins,comp
.эн	sg,ins
.ын|гес	sg,ins,comp
.ын|гем	sg,ins,comp
.ын	sg,ins
.тэк|гес	sg,car,comp
.тэк|гем	sg,car,comp
.тэк	sg,car
.я|гес	sg,adv,comp
.я|гем	sg,adv,comp
.я	sg,adv
.ъя|гес	sg,adv,comp
.ъя|гем	sg,adv,comp
.ъя	sg,adv
.ан|гес	sg,loc,comp
.ан|гем	sg,loc,comp
.ан	sg,loc
.а|гес	sg,ill,comp
.а|гем	sg,ill,comp
.а	sg,ill
.ась|гес	sg,el,comp
.ась|гем	sg,el,comp
.ась	sg,el
.асен|гес	sg,egr,comp
.асен|гем	sg,egr,comp
.асен	sg,egr
.озь|гес	sg,term,comp
.озь|гем	sg,term,comp
.озь	sg,term
.этӥ|гес	sg,prol,comp
.этӥ|гем	sg,prol,comp
.этӥ	sg,prol
.ытӥ|гес	sg,prol,comp
.ытӥ|гем	sg,prol,comp
.ытӥ	sg,prol
.тӥ|гес	sg,prol,comp
.тӥ|гем	sg,prol,comp
.тӥ	sg,prol
.лань|гес	sg,app,comp
.лань|гем	sg,app,comp
.лань	sg,app
.э|гес	sg,nom,1sg,comp
.э|гем	sg,nom,1sg,comp
.э	sg,nom,1sg
.ы|гес	sg,nom,1sg,comp
.ы|гем	sg,nom,1sg,comp
.ы	sg,nom,1sg
.ме|гес	sg,acc,1sg,comp
.ме|гем	sg,acc,1sg,comp
.ме	sg,acc,1sg
.элэн|гес	sg,gen,1sg,comp
.элэн|гем	sg,gen,1sg,comp
.элэн	sg,gen,1sg
.ылэн|гес	sg,gen,1sg,comp
.ылэн|гем	sg,gen,1sg,comp
.ылэн	sg,gen,1sg
.элэсь|гес	sg,abl,1sg,comp
.элэсь|гем	sg,abl,1sg,comp
.элэсь	sg,abl,1sg
.ылэсь|гес	sg,abl,1sg,comp
.ылэсь|гем	sg,abl,1sg,comp
.ылэсь	sg,abl,1sg
.элы|гес	sg,dat,1sg,comp
.элы|гем	sg,dat,1sg,comp
.элы	sg,dat,1sg
.ылы|гес	sg,dat,1sg,comp
.ылы|гем	sg,dat,1sg,comp
.ылы	sg,dat,1sg
.этэк|гес	sg,car,1sg,comp
.этэк|гем	sg,car,1sg,comp
.этэк	sg,car,1sg
.ытэк|гес	sg,car,1sg,comp
.ытэк|гем	sg,car,1sg,comp
.ытэк	sg,car,1sg
.эя|гес	sg,adv,1sg,comp
.эя|гем	sg,adv,1sg,comp
.эя	sg,adv,1sg
.ыя|гес	sg,adv,1sg,comp
.ыя|гем	sg,adv,1sg,comp
.ыя	sg,adv,1sg
.элань|гес	sg,app,1sg,comp
.элань|гем	sg,app,1sg,comp
.элань	sg,app,1sg
.ылэнь|гес	sg,app,1sg,comp
.ылэнь|гем	sg,app,1sg,comp
.ылэнь	sg,app,1sg
.эным|гес	sg,ins,1sg,comp
.эным|гем	sg,ins,1sg,comp
.эным	sg,ins,1sg
.ыным|гес	sg,ins,1sg,comp
.ыным|гем	sg,ins,1sg,comp
.ыным	sg,ins,1sg
.ам|гес	sg,loc,1sg,comp
.ам|гем	sg,loc,1sg,comp
.ам	sg,loc,1sg
.ам|гес	sg,ill,1sg,comp
.ам|гем	sg,ill,1sg,comp
.ам	sg,ill,1sg
.ысьтым|гес	sg,el,1sg,comp
.ысьтым|гем	sg,el,1sg,comp
.ысьтым	sg,el,1sg
.ысеным|гес	sg,egr,1sg,comp
.ысеным|гем	sg,egr,1sg,comp
.ысеным	sg,egr,1sg
.озям|гес	sg,term,1sg,comp
.озям|гем	sg,term,1sg,comp
.озям	sg,term,1sg
.этӥм|гес	sg,prol,1sg,comp
.этӥм|гем	sg,prol,1sg,comp
.этӥм	sg,prol,1sg
.ытӥм|гес	sg,prol,1sg,comp
.ытӥм|гем	sg,prol,1sg,comp
.ытӥм	sg,prol,1sg
.тӥм|гес	sg,prol,1sg,comp
.тӥм|гем	sg,prol,1sg,comp
.тӥм	sg,prol,1sg
.эд|гес	sg,nom,2sg,comp
.эд|гем	sg,nom,2sg,comp
.эд	sg,nom,2sg
.ыд|гес	sg,nom,2sg,comp
.ыд|гем	sg,nom,2sg,comp
.ыд	sg,nom,2sg
.эдлэн|гес	sg,gen,2sg,comp
.эдлэн|гем	sg,gen,2sg,comp
.эдлэн	sg,gen,2sg
.ыдлэн|гес	sg,gen,2sg,comp
.ыдлэн|гем	sg,gen,2sg,comp
.ыдлэн	sg,gen,2sg
.эдлэсь|гес	sg,abl,2sg,comp
.эдлэсь|гем	sg,abl,2sg,comp
.эдлэсь	sg,abl,2sg
.ыдлэсь|гес	sg,abl,2sg,comp
.ыдлэсь|гем	sg,abl,2sg,comp
.ыдлэсь	sg,abl,2sg
.эдлы|гес	sg,dat,2sg,comp
.эдлы|гем	sg,dat,2sg,comp
.эдлы	sg,dat,2sg
.ыдлы|гес	sg,dat,2sg,comp
.ыдлы|гем	sg,dat,2sg,comp
.ыдлы	sg,dat,2sg
.эдтэк|гес	sg,car,2sg,comp
.эдтэк|гем	sg,car,2sg,comp
.эдтэк	sg,car,2sg
.ыдтэк|гес	sg,car,2sg,comp
.ыдтэк|гем	sg,car,2sg,comp
.ыдтэк	sg,car,2sg
.эдъя|гес	sg,adv,2sg,comp
.эдъя|гем	sg,adv,2sg,comp
.эдъя	sg,adv,2sg
.ыдъя|гес	sg,adv,2sg,comp
.ыдъя|гем	sg,adv,2sg,comp
.ыдъя	sg,adv,2sg
.эдлань|гес	sg,app,2sg,comp
.эдлань|гем	sg,app,2sg,comp
.эдлань	sg,app,2sg
.ыдлань|гес	sg,app,2sg,comp
.ыдлань|гем	sg,app,2sg,comp
.ыдлань	sg,app,2sg
.дэ|гес	sg,acc,2sg,comp
.дэ|гем	sg,acc,2sg,comp
.дэ	sg,acc,2sg
.тэ|гес	sg,acc,2sg,comp
.тэ|гем	sg,acc,2sg,comp
.тэ	sg,acc,2sg
.эныд|гес	sg,ins,2sg,comp
.эныд|гем	sg,ins,2sg,comp
.эныд	sg,ins,2sg
.ыныд|гес	sg,ins,2sg,comp
.ыныд|гем	sg,ins,2sg,comp
.ыныд	sg,ins,2sg
.ад|гес	sg,loc,2sg,comp
.ад|гем	sg,loc,2sg,comp
.ад	sg,loc,2sg
.ад|гес	sg,ill,2sg,comp
.ад|гем	sg,ill,2sg,comp
.ад	sg,ill,2sg
.ысьтыд|гес	sg,el,2sg,comp
.ысьтыд|гем	sg,el,2sg,comp
.ысьтыд	sg,el,2sg
.ысеныд|гес	sg,egr,2sg,comp
.ысеныд|гем	sg,egr,2sg,comp
.ысеныд	sg,egr,2sg
.озяд|гес	sg,term,2sg,comp
.озяд|гем	sg,term,2sg,comp
.озяд	sg,term,2sg
.этӥд|гес	sg,prol,2sg,comp
.этӥд|гем	sg,prol,2sg,comp
.этӥд	sg,prol,2sg
.ытӥд|гес	sg,prol,2sg,comp
.ытӥд|гем	sg,prol,2sg,comp
.ытӥд	sg,prol,2sg
.тӥд|гес	sg,prol,2sg,comp
.тӥд|гем	sg,prol,2sg,comp
.тӥд	sg,prol,2sg
.эз|гес	sg,nom,3sg,comp
.эз|гем	sg,nom,3sg,comp
.эз	sg,nom,3sg
.ыз|гес	sg,nom,3sg,comp
.ыз|гем	sg,nom,3sg,comp
.ыз	sg,nom,3sg
.эзлэн|гес	sg,gen,3sg,comp
.эзлэн|гем	sg,gen,3sg,comp
.эзлэн	sg,gen,3sg
.ызлэн|гес	sg,gen,3sg,comp
.ызлэн|гем	sg,gen,3sg,comp
.ызлэн	sg,gen,3sg
.эзлэсь|гес	sg,abl,3sg,comp
.эзлэсь|гем	sg,abl,3sg,comp
.эзлэсь	sg,abl,3sg
.ызлэсь|гес	sg,abl,3sg,comp
.ызлэсь|гем	sg,abl,3sg,comp
.ызлэсь	sg,abl,3sg
.эзлы|гес	sg,dat,3sg,comp
.эзлы|гем	sg,dat,3sg,comp
.эзлы	sg,dat,3sg
.ызлы|гес	sg,dat,3sg,comp
.ызлы|гем	sg,dat,3sg,comp
.ызлы	sg,dat,3sg
.эзтэк|гес	sg,car,3sg,comp
.эзтэк|гем	sg,car,3sg,comp
.эзтэк	sg,car,3sg
.ызтэк|гес	sg,car,3sg,comp
.ызтэк|гем	sg,car,3sg,comp
.ызтэк	sg,car,3sg
.эзъя|гес	sg,adv,3sg,comp
.эзъя|гем	sg,adv,3sg,comp
.эзъя	sg,adv,3sg
.ызъя|гес	sg,adv,3sg,comp
.ызъя|гем	sg,adv,3sg,comp
.ызъя	sg,adv,3sg
.эзлань|гес	sg,app,3sg,comp
.эзлань|гем	sg,app,3sg,comp
.эзлань	sg,app,3sg
.ызлань|гес	sg,app,3sg,comp
.ызлань|гем	sg,app,3sg,comp
.ызлань	sg,app,3sg
.зэ|гес	sg,acc,3sg,comp
.зэ|гем	sg,acc,3sg,comp
.зэ	sg,acc,3sg
.сэ|гес	sg,acc,3sg,comp
.сэ|гем	sg,acc,3sg,comp
.сэ	sg,acc,3sg
.эныз|гес	sg,ins,3sg,comp
.эныз|гем	sg,ins,3sg,comp
.эныз	sg,ins,3sg
.ыныз|гес	sg,ins,3sg,comp
.ыныз|гем	sg,ins,3sg,comp
.ыныз	sg,ins,3sg
.аз|гес	sg,loc,3sg,comp
.аз|гем	sg,loc,3sg,comp
.аз	sg,loc,3sg
.аз|гес	sg,ill,3sg,comp
.аз|гем	sg,ill,3sg,comp
.аз	sg,ill,3sg
.ысьтыз|гес	sg,el,3sg,comp
.ысьтыз|гем	sg,el,3sg,comp
.ысьтыз	sg,el,3sg
.ысеныз|гес	sg,egr,3sg,comp
.ысеныз|гем	sg,egr,3sg,comp
.ысеныз	sg,egr,3sg
.озяз|гес	sg,term,3sg,comp
.озяз|гем	sg,term,3sg,comp
.озяз	sg,term,3sg
.этӥз|гес	sg,prol,3sg,comp
.этӥз|гем	sg,prol,3sg,comp
.этӥз	sg,prol,3sg
.ытӥз|гес	sg,prol,3sg,comp
.ытӥз|гем	sg,prol,3sg,comp
.ытӥз	sg,prol,3sg
.тӥз|гес	sg,prol,3sg,comp
.тӥз|гем	sg,prol,3sg,comp
.тӥз	sg,prol,3sg
.мы|гес	sg,nom,1pl,comp
.мы|гем	sg,nom,1pl,comp
.мы	sg,nom,1pl
.мылэн|гес	sg,gen,1pl,comp
.мылэн|гем	sg,gen,1pl,comp
.мылэн	sg,gen,1pl
.мылэсь|гес	sg,abl,1pl,comp
.мылэсь|гем	sg,abl,1pl,comp
.мылэсь	sg,abl,1pl
.мылы|гес	sg,dat,1pl,comp
.мылы|гем	sg,dat,1pl,comp
.мылы	sg,dat,1pl
.мытэк|гес	sg,car,1pl,comp
.мытэк|гем	sg,car,1pl,comp
.мытэк	sg,car,1pl
.мыя|гес	sg,adv,1pl,comp
.мыя|гем	sg,adv,1pl,comp
.мыя	sg,adv,1pl
.мылань|гес	sg,app,1pl,comp
.мылань|гем	sg,app,1pl,comp
.мылань	sg,app,1pl
.мес|гес	sg,acc,1pl,comp
.мес|гем	sg,acc,1pl,comp
.мес	sg,acc,1pl
.ынымы|гес	sg,ins,1pl,comp
.ынымы|гем	sg,ins,1pl,comp
.ынымы	sg,ins,1pl
.амы|гес	sg,loc,1pl,comp
.амы|гем	sg,loc,1pl,comp
.амы	sg,loc,1pl
.амы|гес	sg,ill,1pl,comp
.амы|гем	sg,ill,1pl,comp
.амы	sg,ill,1pl
.ысьтымы|гес	sg,el,1pl,comp
.ысьтымы|гем	sg,el,1pl,comp
.ысьтымы	sg,el,1pl
.ысенымы|гес	sg,egr,1pl,comp
.ысенымы|гем	sg,egr,1pl,comp
.ысенымы	sg,egr,1pl
.озямы|гес	sg,term,1pl,comp
.озямы|гем	sg,term,1pl,comp
.озямы	sg,term,1pl
.ытӥмы|гес	sg,prol,1pl,comp
.ытӥмы|гем	sg,prol,1pl,comp
.ытӥмы	sg,prol,1pl
.тӥмы|гес	sg,prol,1pl,comp
.тӥмы|гем	sg,prol,1pl,comp
.тӥмы	sg,prol,1pl
.ты|гес	sg,nom,2pl,comp
.ты|гем	sg,nom,2pl,comp
.ты	sg,nom,2pl
.ды|гес	sg,nom,2pl,comp
.ды|гем	sg,nom,2pl,comp
.ды	sg,nom,2pl
.тылэн|гес	sg,gen,2pl,comp
.тылэн|гем	sg,gen,2pl,comp
.тылэн	sg,gen,2pl
.дылэн|гес	sg,gen,2pl,comp
.дылэн|гем	sg,gen,2pl,comp
.дылэн	sg,gen,2pl
.тылэсь|гес	sg,abl,2pl,comp
.тылэсь|гем	sg,abl,2pl,comp
.тылэсь	sg,abl,2pl
.дылэсь|гес	sg,abl,2pl,comp
.дылэсь|гем	sg,abl,2pl,comp
.дылэсь	sg,abl,2pl
.тылы|гес	sg,dat,2pl,comp
.тылы|гем	sg,dat,2pl,comp
.тылы	sg,dat,2pl
.дылы|гес	sg,dat,2pl,comp
.дылы|гем	sg,dat,2pl,comp
.дылы	sg,dat,2pl
.тытэк|гес	sg,car,2pl,comp
.тытэк|гем	sg,car,2pl,comp
.тытэк	sg,car,2pl
.дытэк|гес	sg,car,2pl,comp
.дытэк|гем	sg,car,2pl,comp
.дытэк	sg,car,2pl
.тыя|гес	sg,adv,2pl,comp
.тыя|гем	sg,adv,2pl,comp
.тыя	sg,adv,2pl
.дыя|гес	sg,adv,2pl,comp
.дыя|гем	sg,adv,2pl,comp
.дыя	sg,adv,2pl
.тылань|гес	sg,app,2pl,comp
.тылань|гем	sg,app,2pl,comp
.тылань	sg,app,2pl
.дылань|гес	sg,app,2pl,comp
.дылань|гем	sg,app,2pl,comp
.дылань	sg,app,2pl
.тэс|гес	sg,acc,2pl,comp
.тэс|гем	sg,acc,2pl,comp
.тэс	sg,acc,2pl
.дэс|гес	sg,acc,2pl,comp
.дэс|гем	sg,acc,2pl,comp
.дэс	sg,acc,2pl
.ыныды|гес	sg,ins,2pl,comp
.ыныды|гем	sg,ins,2pl,comp
.ыныды	sg,ins,2pl
.ады|гес	sg,loc,2pl,comp
.ады|гем	sg,loc,2pl,comp
.ады	sg,loc,2pl
.ады|гес	sg,ill,2pl,comp
.ады|гем	sg,ill,2pl,comp
.ады	sg,ill,2pl
.ысьтыды|гес	sg,el,2pl,comp
.ысьтыды|гем	sg,el,2pl,comp
.ысьтыды	sg,el,2pl
.ысеныды|гес	sg,egr,2pl,comp
.ысеныды|гем	sg,egr,2pl,comp
.ысеныды	sg,egr,2pl
.озяды|гес	sg,term,2pl,comp
.озяды|гем	sg,term,2pl,comp
.озяды	sg,term,2pl
.ытӥды|гес	sg,prol,2pl,comp
.ытӥды|гем	sg,prol,2pl,comp
.ытӥды	sg,prol,2pl
.тӥды|гес	sg,prol,2pl,comp
.тӥды|гем	sg,prol,2pl,comp
.тӥды	sg,prol,2pl
.сы|гес	sg,nom,3pl,comp
.сы|гем	sg,nom,3pl,comp
.сы	sg,nom,3pl
.зы|гес	sg,nom,3pl,comp
.зы|гем	sg,nom,3pl,comp
.зы	sg,nom,3pl
.сылэн|гес	sg,gen,3pl,comp
.сылэн|гем	sg,gen,3pl,comp
.сылэн	sg,gen,3pl
.зылэн|гес	sg,gen,3pl,comp
.зылэн|гем	sg,gen,3pl,comp
.зылэн	sg,gen,3pl
.сылэсь|гес	sg,abl,3pl,comp
.сылэсь|гем	sg,abl,3pl,comp
.сылэсь	sg,abl,3pl
.зылэсь|гес	sg,abl,3pl,comp
.зылэсь|гем	sg,abl,3pl,comp
.зылэсь	sg,abl,3pl
.сылы|гес	sg,dat,3pl,comp
.сылы|гем	sg,dat,3pl,comp
.сылы	sg,dat,3pl
.зылы|гес	sg,dat,3pl,comp
.зылы|гем	sg,dat,3pl,comp
.зылы	sg,dat,3pl
.сытэк|гес	sg,car,3pl,comp
.сытэк|гем	sg,car,3pl,comp
.сытэк	sg,car,3pl
.зытэк|гес	sg,car,3pl,comp
.зытэк|гем	sg,car,3pl,comp
.зытэк	sg,car,3pl
.сыя|гес	sg,adv,3pl,comp
.сыя|гем	sg,adv,3pl,comp
.сыя	sg,adv,3pl
.зыя|гес	sg,adv,3pl,comp
.зыя|гем	sg,adv,3pl,comp
.зыя	sg,adv,3pl
.сылань|гес	sg,app,3pl,comp
.сылань|гем	sg,app,3pl,comp
.сылань	sg,app,3pl
.зылань|гес	sg,app,3pl,comp
.зылань|гем	sg,app,3pl,comp
.зылань	sg,app,3pl
.сэс|гес	sg,acc,3pl,comp
.сэс|гем	sg,acc,3pl,comp
.сэс	sg,acc,3pl
.зэс|гес	sg,acc,3pl,comp
.зэс|гем	sg,acc,3pl,comp
.зэс	sg,acc,3pl
.ынызы|гес	sg,ins,3pl,comp
.ынызы|гем	sg,ins,3pl,comp
.ынызы	sg,ins,3pl
.азы|гес	sg,loc,3pl,comp
.азы|гем	sg,loc,3pl,comp
.азы	sg,loc,3pl
.азы|гес	sg,ill,3pl,comp
.азы|гем	sg,ill,3pl,comp
.азы	sg,ill,3pl
.ысьтызы|гес	sg,el,3pl,comp
.ысьтызы|гем	sg,el,3pl,comp
.ысьтызы	sg,el,3pl
.ысенызы|гес	sg,egr,3pl,comp
.ысенызы|гем	sg,egr,3pl,comp
.ысенызы	sg,egr,3pl
.озязы|гес	sg,term,3pl,comp
.озязы|гем	sg,term,3pl,comp
.озязы	sg,term,3pl
.ытӥзы|гес	sg,prol,3pl,comp
.ытӥзы|гем	sg,prol,3pl,comp
.ытӥзы	sg,prol,3pl
.тӥзы|гес	sg,prol,3pl,comp
.тӥзы|гем	sg,prol,3pl,comp
.тӥзы	sg,prol,3pl
.ъёс|гес	pl,nom,comp
.ъёс|гем	pl,nom,comp
.ъёс	pl,nom
.ъёс|эз|гес	pl,acc,comp
.ъёс|эз|гем	pl,acc,comp
.ъёс|эз	pl,acc
.ъёс|ыз|гес	pl,acc,comp
.ъёс|ыз|гем	pl,acc,comp
.ъёс|ыз	pl,acc
.ъёс|лэн|гес	pl,gen,comp
.ъёс|лэн|гем	pl,gen,comp
.ъёс|лэн	pl,gen
.ъёс|лэсь|гес	pl,abl,comp
.ъёс|лэсь|гем	pl,abl,comp
.ъёс|лэсь	pl,abl
.ъёс|лы|гес	pl,dat,comp
.ъёс|лы|гем	pl,dat,comp
.ъёс|лы	pl,dat
.ъёс|эн|гес	pl,ins,comp
.ъёс|эн|гем	pl,ins,comp
.ъёс|эн	pl,ins
.ъёс|ын|гес	pl,ins,comp
.ъёс|ын|гем	pl,ins,comp
.ъёс|ын	pl,ins
.ъёс|тэк|гес	pl,car,comp
.ъёс|тэк|гем	pl,car,comp
.ъёс|тэк	pl,car
.ъёс|я|гес	pl,adv,comp
.ъёс|я|гем	pl,adv,comp
.ъёс|я	pl,adv
.ъёс|ъя|гес	pl,adv,comp
.ъёс|ъя|гем	pl,adv,comp
.ъёс|ъя	pl,adv
.ъёс|ан|гес	pl,loc,comp
.ъёс|ан|гем	pl,loc,comp
.ъёс|ан	pl,loc
.ъёс|а|гес	pl,ill,comp
.ъёс|а|гем	pl,ill,comp
.ъёс|а	pl,ill
.ъёс|ась|гес	pl,el,comp
.ъёс|ась|гем	pl,el,comp
.ъёс|ась	pl,el
.ъёс|асен|гес	pl,egr,comp
.ъёс|асен|гем	pl,egr,comp
.ъёс|асен	pl,egr
.ъёс|озь|гес	pl,term,comp
.ъёс|озь|гем	pl,term,comp
.ъёс|озь	pl,term
.ъёс|этӥ|гес	pl,prol,comp
.ъёс|этӥ|гем	pl,prol,comp
.ъёс|этӥ	pl,prol
.ъёс|ытӥ|гес	pl,prol,comp
.ъёс|ытӥ|гем	pl,prol,comp
.ъёс|ытӥ	pl,prol
.ъёс|тӥ|гес	pl,prol,comp
.ъёс|тӥ|гем	pl,prol,comp
.ъёс|тӥ	pl,prol
.ъёс|лань|гес	pl,app,comp
.ъёс|лань|гем	pl,app,comp
.ъёс|лань	pl,app
.ъёс|э|гес	pl,nom,1sg,comp
.ъёс|э|гем	pl,nom,1sg,comp
.ъёс|э	pl,nom,1sg
.ъёс|ы|гес	pl,nom,1sg,comp
.ъёс|ы|гем	pl,nom,1sg,comp
.ъёс|ы	pl,nom,1sg
.ъёс|ме|гес	pl,acc,1sg,comp
.ъёс|ме|гем	pl,acc,1sg,comp
.ъёс|ме	pl,acc,1sg
.ъёс|элэн|гес	pl,gen,1sg,comp
.ъёс|элэн|гем	pl,gen,1sg,comp
.ъёс|элэн	pl,gen,1sg
.ъёс|ылэн|гес	pl,gen,1sg,comp
.ъёс|ылэн|гем	pl,gen,1sg,comp
.ъёс|ылэн	pl,gen,1sg
.ъёс|элэсь|гес	pl,abl,1sg,comp
.ъёс|элэсь|гем	pl,abl,1sg,comp
.ъёс|элэсь	pl,abl,1sg
.ъёс|ылэсь|гес	pl,abl,1sg,comp
.ъёс|ылэсь|гем	pl,abl,1sg,comp
.ъёс|ылэсь	pl,abl,1sg
.ъёс|элы|гес	pl,dat,1sg,comp
.ъёс|элы|гем	pl,dat,1sg,comp
.ъёс|элы	pl,dat,1sg
.ъёс|ылы|гес	pl,dat,1sg,comp
.ъёс|ылы|гем	pl,dat,1sg,comp
.ъёс|ылы	pl,dat,1sg
.ъёс|этэк|гес	pl,car,1sg,comp
.ъёс|этэк|гем	pl,car,1sg,comp
.ъёс|этэк	pl,car,1sg
.ъёс|ытэк|гес	pl,car,1sg,comp
.ъёс|ытэк|гем	pl,car,1sg,comp
.ъёс|ытэк	pl,car,1sg
.ъёс|эя|гес	pl,adv,1sg,comp
.ъёс|эя|гем	pl,adv,1sg,comp
.ъёс|эя	pl,adv,1sg
.ъёс|ыя|гес	pl,adv,1sg,comp
.ъёс|ыя|гем	pl,adv,1sg,comp
.ъёс|ыя	pl,adv,1sg
.ъёс|элань|гес	pl,app,1sg,comp
.ъёс|элань|гем	pl,app,1sg,comp
.ъёс|элань	pl,app,1sg
.ъёс|ылэнь|гес	pl,app,1sg,comp
.ъёс|ылэнь|гем	pl,app,1sg,comp
.ъёс|ылэнь	pl,app,1sg
.ъёс|эным|гес	pl,ins,1sg,comp
.ъёс|эным|гем	pl,ins,1sg,comp
.ъёс|эным	pl,ins,1sg
.ъёс|ыным|гес	pl,ins,1sg,comp
.ъёс|ыным|гем	pl,ins,1sg,comp
.ъёс|ыным	pl,ins,1sg
.ъёс|ам|гес	pl,loc,1sg,comp
.ъёс|ам|гем	pl,loc,1sg,comp
.ъёс|ам	pl,loc,1sg
.ъёс|ам|гес	pl,ill,1sg,comp
.ъёс|ам|гем	pl,ill,1sg,comp
.ъёс|ам	pl,ill,1sg
.ъёс|ысьтым|гес	pl,el,1sg,comp
.ъёс|ысьтым|гем	pl,el,1sg,comp
.ъёс|ысьтым	pl,el,1sg
.ъёс|ысеным|гес	pl,egr,1sg,comp
.ъёс|ысеным|гем	pl,egr,1sg,comp
.ъёс|ысеным	pl,egr,1sg
.ъёс|озям|гес	pl,term,1sg,comp
.ъёс|озям|гем	pl,term,1sg,comp
.ъёс|озям	pl,term,1sg
.ъёс|этӥм|гес	pl,prol,1sg,comp
.ъёс|этӥм|гем	pl,prol,1sg,comp
.ъёс|этӥм	pl,prol,1sg
.ъёс|ытӥм|гес	pl,prol,1sg,comp
.ъёс|ытӥм|гем	pl,prol,1sg,comp
.ъёс|ытӥм	pl,prol,1sg
.ъёс|тӥм|гес	pl,prol,1sg,comp
.ъёс|тӥм|гем	pl,prol,1sg,comp
.ъёс|тӥм	pl,prol,1sg
.ъёс|эд|гес	pl,nom,2sg,comp
.ъёс|эд|гем	pl,nom,2sg,comp
.ъёс|эд	pl,nom,2sg
.ъёс|ыд|гес	pl,nom,2sg,comp
.ъёс|ыд|гем	pl,nom,2sg,comp
.ъёс|ыд	pl,nom,2sg
.ъёс|эдлэн|гес	pl,gen,2sg,comp
.ъёс|эдлэн|гем	pl,gen,2sg,comp
.ъёс|эдлэн	pl,gen,2sg
.ъёс|ыдлэн|гес	pl,gen,2sg,comp
.ъёс|ыдлэн|гем	pl,gen,2sg,comp
.ъёс|ыдлэн	pl,gen,2sg
.ъёс|эдлэсь|гес	pl,abl,2sg,comp
.ъёс|эдлэсь|гем	pl,abl,2sg,comp
.ъёс|эдлэсь	pl,abl,2sg
.ъёс|ыдлэсь|гес	pl,abl,2sg,comp
.ъёс|ыдлэсь|гем	pl,abl,2sg,comp
.ъёс|ыдлэсь	pl,abl,2sg
.ъёс|эдлы|гес	pl,dat,2sg,comp
.ъёс|эдлы|гем	pl,dat,2sg,comp
.ъёс|эдлы	pl,dat,2sg
.ъёс|ыдлы|гес	pl,dat,2sg,comp
.ъёс|ыдлы|гем	pl,dat,2sg,comp
.ъёс|ыдлы	pl,dat,2sg
.ъёс|эдтэк|гес	pl,car,2sg,comp
.ъёс|эдтэк|гем	pl,car,2sg,comp
.ъёс|эдтэк	pl,car,2sg
.ъёс|ыдтэк|гес	pl,car,2sg,comp
.ъёс|ыдтэк|гем	pl,car,2sg,comp
.ъёс|ыдтэк	pl,car,2sg
.ъёс|эдъя|гес	pl,adv,2sg,comp
.ъёс|эдъя|гем	pl,adv,2sg,comp
.ъёс|эдъя	pl,adv,2sg
.ъёс|ыдъя|гес	pl,adv,2sg,comp
.ъёс|ыдъя|гем	pl,adv,2sg,comp
.ъёс|ыдъя	pl,adv,2sg
.ъёс|эдлань|гес	pl,app,2sg,comp
.ъёс|эдлань|гем	pl,app,2sg,comp
.ъёс|эдлань	pl,app,2sg
.ъёс|ыдлань|гес	pl,app,2sg,comp
.ъёс|ыдлань|гем	pl,app,2sg,comp
.ъёс|ыдлань	pl,app,2sg
.ъёс|дэ|гес	pl,acc,2sg,comp
.ъёс|дэ|гем	pl,acc,2sg,comp
.ъёс|дэ	pl,acc,2sg
.ъёс|тэ|гес	pl,acc,2sg,comp
.ъёс|тэ|гем	pl,acc,2sg,comp
.ъёс|тэ	pl,acc,2sg
.ъёс|эныд|гес	pl,ins,2sg,comp
.ъёс|эныд|гем	pl,ins,2sg,comp
.ъёс|эныд	pl,ins,2sg
.ъёс|ыныд|гес	pl,ins,2sg,comp
.ъёс|ыныд|гем	pl,ins,2sg,comp
.ъёс|ыныд	pl,ins,2sg
.ъёс|ад|гес	pl,loc,2sg,comp
.ъёс|ад|гем	pl,loc,2sg,comp
.ъёс|ад	pl,loc,2sg
.ъёс|ад|гес	pl,ill,2sg,comp
.ъёс|ад|гем	pl,ill,2sg,comp
.ъёс|ад	pl,ill,2sg
.ъёс|ысьтыд|гес	pl,el,2sg,comp
.ъёс|ысьтыд|гем	pl,el,2sg,comp
.ъёс|ысьтыд	pl,el,2sg
.ъёс|ысеныд|гес	pl,egr,2sg,comp
.ъёс|ысеныд|гем	pl,egr,2sg,comp
.ъёс|ысеныд	pl,egr,2sg
.ъёс|озяд|гес	pl,term,2sg,comp
.ъёс|озяд|гем	pl,term,2sg,comp
.ъёс|озяд	pl,term,2sg
.ъёс|этӥд|гес	pl,prol,2sg,comp
.ъёс|этӥд|гем	pl,prol,2sg,comp
.ъёс|этӥд	pl,prol,2sg
.ъёс|ытӥд|гес	pl,prol,2sg,comp
.ъёс|ытӥд|гем	pl,prol,2sg,comp
.ъёс|ытӥд	pl,prol,2sg
.ъёс|тӥд|гес	pl,prol,2sg,comp
.ъёс|тӥд|гем	pl,prol,2sg,comp
.ъёс|тӥд	pl,prol,2sg
.ъёс|эз|гес	pl,nom,3sg,comp
.ъёс|эз|гем	pl,nom,3sg,comp
.ъёс|эз	pl,nom,3sg
.ъёс|ыз|гес	pl,nom,3sg,comp
.ъёс|ыз|гем	pl,nom,3sg,comp
.ъёс|ыз	pl,nom,3sg
.ъёс|эзлэн|гес	pl,gen,3sg,comp
.ъёс|эзлэн|гем	pl,gen,3sg,comp
.ъёс|эзлэн	pl,gen,3sg
.ъёс|ызлэн|гес	pl,gen,3sg,comp
.ъёс|ызлэн|гем	pl,gen,3sg,comp
.ъёс|ызлэн	pl,gen,3sg
.ъёс|эзлэсь|гес	pl,abl,3sg,comp
.ъёс|эзлэсь|гем	pl,abl,3sg,comp
.ъёс|эзлэсь	pl,abl,3sg
.ъёс|ызлэсь|гес	pl,abl,3sg,comp
.ъёс|ызлэсь|гем	pl,abl,3sg,comp
.ъёс|ызлэсь	pl,abl,3sg
.ъёс|эзлы|гес	pl,dat,3sg,comp
.ъёс|эзлы|гем	pl,dat,3sg,comp
.ъёс|эзлы	pl,dat,3sg
.ъёс|ызлы|гес	pl,dat,3sg,comp
.ъёс|ызлы|гем	pl,dat,3sg,comp
.ъёс|ызлы	pl,dat,3sg
.ъёс|эзтэк|гес	pl,car,3sg,comp
.ъёс|эзтэк|гем	pl,car,3sg,comp
.ъёс|эзтэк	pl,car,3sg
.ъёс|ызтэк|гес	pl,car,3sg,comp
.ъёс|ызтэк|гем	pl,car,3sg,comp
.ъёс|ызтэк	pl,car,3sg
.ъёс|эзъя|гес	pl,adv,3sg,comp
.ъёс|эзъя|гем	pl,adv,3sg,comp
.ъёс|эзъя	pl,adv,3sg
.ъёс|ызъя|гес	pl,adv,3sg,comp
.ъёс|ызъя|гем	pl,adv,3sg,comp
.ъёс|ызъя	pl,adv,3sg
.ъёс|эзлань|гес	pl,app,3sg,comp
.ъёс|эзлань|гем	pl,app,3sg,comp
.ъёс|эзлань	pl,app,3sg
.ъёс|ызлань|гес	pl,app,3sg,comp
.ъёс|ызлань|гем	pl,app,3sg,comp
.ъёс|ызлань	pl,app,3sg
.ъёс|зэ|гес	pl,acc,3sg,comp
.ъёс|зэ|гем	pl,acc,3sg,comp
.ъёс|зэ	pl,acc,3sg
.ъёс|сэ|гес	pl,acc,3sg,comp
.ъёс|сэ|гем	pl,acc,3sg,comp
.ъёс|сэ	pl,acc,3sg
.ъёс|эныз|гес	pl,ins,3sg,comp
.ъёс|эныз|гем	pl,ins,3sg,comp
.ъёс|эныз	pl,ins,3sg
.ъёс|ыныз|гес	pl,ins,3sg,comp
.ъёс|ыныз|гем	pl,ins,3sg,comp
.ъёс|ыныз	pl,ins,3sg
.ъёс|аз|гес	pl,loc,3sg,comp
.ъёс|аз|гем	pl,loc,3sg,comp
.ъёс|аз	pl,loc,3sg
.ъёс|аз|гес	pl,ill,3sg,comp
.ъёс|аз|гем	pl,ill,3sg,comp
.ъёс|аз	pl,ill,3sg
.ъёс|ысьтыз|гес	pl,el,3sg,comp
.ъёс|ысьтыз|гем	pl,el,3sg,comp
.ъёс|ысьтыз	pl,el,3sg
.ъёс|ысеныз|гес	pl,egr,3sg,comp
.ъёс|ысеныз|гем	pl,egr,3sg,comp
.ъёс|ысеныз	pl,egr,3sg
.ъёс|озяз|гес	pl,term,3sg,comp
.ъёс|озяз|гем	pl,term,3sg,comp
.ъёс|озяз	pl,term,3sg
.ъёс|этӥз|гес	pl,prol,3sg,comp
.ъёс|этӥз|гем	pl,prol,3sg,comp
.ъёс|этӥз	pl,prol,3sg
.ъёс|ытӥз|гес	pl,prol,3sg,comp
.ъёс|ытӥз|гем	pl,prol,3sg,comp
.ъёс|ытӥз	pl,prol,3sg
.ъёс|тӥз|гес	pl,prol,3sg,comp
.ъёс|тӥз|гем	pl,prol,3sg,comp
.ъёс|тӥз	pl,prol,3sg
.ъёс|мы|гес	pl,nom,1pl,comp
.ъёс|мы|гем	pl,nom,1pl,comp
.ъёс|мы	pl,nom,1pl
.ъёс|мылэн|гес	pl,gen,1pl,comp
.ъёс|мылэн|гем	pl,gen,1pl,comp
.ъёс|мылэн	pl,gen,1pl
.ъёс|мылэсь|гес	pl,abl,1pl,comp
.ъёс|мылэсь|гем	pl,abl,1pl,comp
.ъёс|мылэсь	pl,abl,1pl
.ъёс|мылы|гес	pl,dat,1pl,comp
.ъёс|мылы|гем	pl,dat,1pl,comp
.ъёс|мылы	pl,dat,1pl
.ъёс|мытэк|гес	pl,car,1pl,comp
.ъёс|мытэк|гем	pl,car,1pl,comp
.ъёс|мытэк	pl,car,1pl
.ъёс|мыя|гес	pl,adv,1pl,comp
.ъёс|мыя|гем	pl,adv,1pl,comp
.ъёс|мыя	pl,adv,1pl
.ъёс|мылань|гес	pl,app,1pl,comp
.ъёс|мылань|гем	pl,app,1pl,comp
.ъёс|мылань	pl,app,1pl
.ъёс|мес|гес	pl,acc,1pl,comp
.ъёс|мес|гем	pl,acc,1pl,comp
.ъёс|мес	pl,acc,1pl
.ъёс|ынымы|гес	pl,ins,1pl,comp
.ъёс|ынымы|гем	pl,ins,1pl,comp
.ъёс|ынымы	pl,ins,1pl
.ъёс|амы|гес	pl,loc,1pl,comp
.ъёс|амы|гем	pl,loc,1pl,comp
.ъёс|амы	pl,loc,1pl
.ъёс|амы|гес	pl,ill,1pl,comp
.ъёс|амы|гем	pl,ill,1pl,comp
.ъёс|амы	pl,ill,1pl
.ъёс|ысьтымы|гес	pl,el,1pl,comp
.ъёс|ысьтымы|гем	pl,el,1pl,comp
.ъёс|ысьтымы	pl,el,1pl
.ъёс|ысенымы|гес	pl,egr,1pl,comp
.ъёс|ысенымы|гем	pl,egr,1pl,comp
.ъёс|ысенымы	pl,egr,1pl
.ъёс|озямы|гес	pl,term,1pl,comp
.ъёс|озямы|гем	pl,term,1pl,comp
.ъёс|озямы	pl,term,1pl
.ъёс|ытӥмы|гес	pl,prol,1pl,comp
.ъёс|ытӥмы|гем	pl,prol,1pl,comp
.ъёс|ытӥмы	pl,prol,1pl
.ъёс|тӥмы|гес	pl,prol,1pl,comp
.ъёс|тӥмы|гем	pl,prol,1pl,comp
.ъёс|тӥмы	pl,prol,1pl
.ъёс|ты|гес	pl,nom,2pl,comp
.ъёс|ты|гем	pl,nom,2pl,comp
.ъёс|ты	pl,nom,2pl
.ъёс|ды|гес	pl,nom,2pl,comp
.ъёс|ды|гем	pl,nom,2pl,comp
.ъёс|ды	pl,nom,2pl
.ъёс|тылэн|гес	pl,gen,2pl,comp
.ъёс|тылэн|гем	pl,gen,2pl,comp
.ъёс|тылэн	pl,gen,2pl
.ъёс|дылэн|гес	pl,gen,2pl,comp
.ъёс|дылэн|гем	pl,gen,2pl,comp
.ъёс|дылэн	pl,gen,2pl
.ъёс|тылэсь|гес	pl,abl,2pl,comp
.ъёс|тылэсь|гем	pl,abl,2pl,comp
.ъёс|тылэсь	pl,abl,2pl
.ъёс|дылэсь|гес	pl,abl,2pl,comp
.ъёс|дылэсь|гем	pl,abl,2pl,comp
.ъёс|дылэсь	pl,abl,2pl
.ъёс|тылы|гес	pl,dat,2pl,comp
.ъёс|тылы|гем	pl,dat,2pl,comp
.ъёс|тылы	pl,dat,2pl
.ъёс|дылы|гес	pl,dat,2pl,comp
.ъёс|дылы|гем	pl,dat,2pl,comp
.ъёс|дылы	pl,dat,2pl
.ъёс|тытэк|гес	pl,car,2pl,comp
.ъёс|тытэк|гем	pl,car,2pl,comp
.ъёс|тытэк	pl,car,2pl
.ъёс|дытэк|гес	pl,car,2pl,comp
.ъёс|дытэк|гем	pl,car,2pl,comp
.ъёс|дытэк	pl,car,2pl
.ъёс|тыя|гес	pl,adv,2pl,comp
.ъёс|тыя|гем	pl,adv,2pl,comp
.ъёс|тыя	pl,adv,2pl
.ъёс|дыя|гес	pl,adv,2pl,comp
.ъёс|дыя|гем	pl,adv,2pl,comp
.ъёс|дыя	pl,adv,2pl
.ъёс|тылань|гес	pl,app,2pl,comp
.ъёс|тылань|гем	pl,app,2pl,comp
.ъёс|тылань	pl,app,2pl
.ъёс|дылань|гес	pl,app,2pl,comp
.ъёс|дылань|гем	pl,app,2pl,comp
.ъёс|дылань	pl,app,2pl
.ъёс|тэс|гес	pl,acc,2pl,comp
.ъёс|тэс|гем	pl,acc,2pl,comp
.ъёс|тэс	pl,acc,2pl
.ъёс|дэс|гес	pl,acc,2pl,comp
.ъёс|дэс|гем	pl,acc,2pl,comp
.ъёс|дэс	pl,acc,2pl
.ъёс|ыныды|гес	pl,ins,2pl,comp
.ъёс|ыныды|гем	pl,ins,2pl,comp
.ъёс|ыныды	pl,ins,2pl
.ъёс|ады|гес	pl,loc,2pl,comp
.ъёс|ады|гем	pl,loc,2pl,comp
.ъёс|ады	pl,loc,2pl
.ъёс|ады|гес	pl,ill,2pl,comp
.ъёс|ады|гем	pl,ill,2pl,comp
.ъёс|ады	pl,ill,2pl
.ъёс|ысьтыды|гес	pl,el,2pl,comp
.ъёс|ысьтыды|гем	pl,el,2pl,comp
.ъёс|ысьтыды	pl,el,2pl
.ъёс|ысеныды|гес	pl,egr,2pl,comp
.ъёс|ысеныды|гем	pl,egr,2pl,comp
.ъёс|ысеныды	pl,egr,2pl
.ъёс|озяды|гес	pl,term,2pl,comp
.ъёс|озяды|гем	pl,term,2pl,comp
.ъёс|озяды	pl,term,2pl
.ъёс|ытӥды|гес	pl,prol,2pl,comp
.ъёс|ытӥды|гем	pl,prol,2pl,comp
.ъёс|ытӥды	pl,prol,2pl
.ъёс|тӥды|гес	pl,prol,2pl,comp
.ъёс|тӥды|гем	pl,prol,2pl,comp
.ъёс|тӥды	pl,prol,2pl
.ъёс|сы|гес	pl,nom,3pl,comp
.ъёс|сы|гем	pl,nom,3pl,comp
.ъёс|сы	pl,nom,3pl
.ъёс|зы|гес	pl,nom,3pl,comp
.ъёс|зы|гем	pl,nom,3pl,comp
.ъёс|зы	pl,nom,3pl
.ъёс|сылэн|гес	pl,gen,3pl,comp
.ъёс|сылэн|гем	pl,gen,3pl,comp
.ъёс|сылэн	pl,gen,3pl
.ъёс|зылэн|гес	pl,gen,3pl,comp
.ъёс|зылэн|гем	pl,gen,3pl,comp
.ъёс|зылэн	pl,gen,3pl
.ъёс|сылэсь|гес	pl,abl,3pl,comp
.ъёс|сылэсь|гем	pl,abl,3pl,comp
.ъёс|сылэсь	pl,abl,3pl
.ъёс|зылэсь|гес	pl,abl,3pl,comp
.ъёс|зылэсь|гем	pl,abl,3pl,comp
.ъёс|зылэсь	pl,abl,3pl
.ъёс|сылы|гес	pl,dat,3pl,comp
.ъёс|сылы|гем	pl,dat,3pl,comp
.ъёс|сылы	pl,dat,3pl
.ъёс|зылы|гес	pl,dat,3pl,comp
.ъёс|зылы|гем	pl,dat,3pl,comp
.ъёс|зылы	pl,dat,3pl
.ъёс|сытэк|гес	pl,car,3pl,comp
.ъёс|сытэк|гем	pl,car,3pl,comp
.ъёс|сытэк	pl,car,3pl
.ъёс|зытэк|гес	pl,car,3pl,comp
.ъёс|зытэк|гем	pl,car,3pl,comp
.ъёс|зытэк	pl,car,3pl
.ъёс|сыя|гес	pl,adv,3pl,comp
.ъёс|сыя|гем	pl,adv,3pl,comp
.ъёс|сыя	pl,adv,3pl
.ъёс|зыя|гес	pl,adv,3pl,comp
.ъёс|зыя|гем	pl,adv,3pl,comp
.ъёс|зыя	pl,adv,3pl
.ъёс|сылань|гес	pl,app,3pl,comp
.ъёс|сылань|гем	pl,app,3pl,comp
.ъёс|сылань	pl,app,3pl
.ъёс|зылань|гес	pl,app,3pl,comp
.ъёс|зылань|гем	pl,app,3pl,comp
.ъёс|зылань	pl,app,3pl
.ъёс|сэс|гес	pl,acc,3pl,comp
.ъёс|сэс|гем	pl,acc,3pl,comp
.ъёс|сэс	pl,acc,3pl
.ъёс|зэс|гес	pl,acc,3pl,comp
.ъёс|зэс|гем	pl,acc,3pl,comp
.ъёс|зэс	pl,acc,3pl
.ъёс|ынызы|гес	pl,ins,3pl,comp
.ъёс|ынызы|гем	pl,ins,3pl,comp
.ъёс|ынызы	pl,ins,3pl
.ъёс|азы|гес	pl,loc,3pl,comp
.ъёс|азы|гем	pl,loc,3pl,comp
.ъёс|азы	pl,loc,3pl
.ъёс|азы|гес	pl,ill,3pl,comp
.ъёс|азы|гем	pl,ill,3pl,comp
.ъёс|азы	pl,ill,3pl
.ъёс|ысьтызы|гес	pl,el,3pl,comp
.ъёс|ысьтызы|гем	pl,el,3pl,comp
.ъёс|ысьтызы	pl,el,3pl
.ъёс|ысенызы|гес	pl,egr,3pl,comp
.ъёс|ысенызы|гем	pl,egr,3pl,comp
.ъёс|ысенызы	pl,egr,3pl
.ъёс|озязы|гес	pl,term,3pl,comp
.ъёс|озязы|гем	pl,term,3pl,comp
.ъёс|озязы	pl,term,3pl
.ъёс|ытӥзы|гес	pl,prol,3pl,comp
.ъёс|ытӥзы|гем	pl,prol,3pl,comp
.ъёс|ытӥзы	pl,prol,3pl
.ъёс|тӥзы|гес	pl,prol,3pl,comp
.ъёс|тӥзы|гем	pl,prol,3pl,comp
.ъёс|тӥзы	pl,prol,3pl
