.ь|гес	sg,nom,comp
.ь|гем	sg,nom,comp
.ь	sg,nom
.ез|гес	sg,acc,comp
.ез|гем	sg,acc,comp
.ез	sg,acc
.ьыз|гес	sg,acc,comp
.ьыз|гем	sg,acc,comp
.ьыз	sg,acc
.ьлэн|гес	sg,gen,comp
.ьлэн|гем	sg,gen,comp
.ьлэн	sg,gen
.ьлэсь|гес	sg,abl,comp
.ьлэсь|гем	sg,abl,comp
.ьлэсь	sg,abl
.ьлы|гес	sg,dat,comp
.ьлы|гем	sg,dat,comp
.ьлы	sg,dat
.ен|гес	sg,ins,comp
.ен|гем	sg,ins,comp
.ен	sg,ins
.ьын|гес	sg,ins,comp
.ьын|гем	sg,ins,comp
.ьын	sg,ins
.ьтэк|гес	sg,car,comp
.ьтэк|гем	sg,car,comp
.ьтэк	sg,car
.ья|гес	sg,adv,comp
.ья|гем	sg,adv,comp
.ья	sg,adv
.ьын|гес	sg,loc,comp
.ьын|гем	sg,loc,comp
.ьын	sg,loc
.е|гес	sg,ill,comp
.е|гем	sg,ill,comp
.е	sg,ill
.ьы|гес	sg,ill,comp
.ьы|гем	sg,ill,comp
.ьы	sg,ill
.ьысь|гес	sg,el,comp
.ьысь|гем	sg,el,comp
.ьысь	sg,el
.ьысен|гес	sg,egr,comp
.ьысен|гем	sg,egr,comp
.ьысен	sg,egr
.ёзь|гес	sg,term,comp
.ёзь|гем	sg,term,comp
.ёзь	sg,term
.етӥ|гес	sg,prol,comp
.етӥ|гем	sg,prol,comp
.етӥ	sg,prol
.ьытӥ|гес	sg,prol,comp
.ьытӥ|гем	sg,prol,comp
.ьытӥ	sg,prol
.ьтӥ|гес	sg,prol,comp
.ьтӥ|гем	sg,prol,comp
.ьтӥ	sg,prol
.ьлань|гес	sg,app,comp
.ьлань|гем	sg,app,comp
.ьлань	sg,app
.е|гес	sg,nom,1sg,comp
.е|гем	sg,nom,1sg,comp
.е	sg,nom,1sg
.ьы|гес	sg,nom,1sg,comp
.ьы|гем	sg,nom,1sg,comp
.ьы	sg,nom,1sg
.ьме|гес	sg,acc,1sg,comp
.ьме|гем	sg,acc,1sg,comp
.ьме	sg,acc,1sg
.елэн|гес	sg,gen,1sg,comp
.елэн|гем	sg,gen,1sg,comp
.елэн	sg,gen,1sg
.ьылэн|гес	sg,gen,1sg,comp
.ьылэн|гем	sg,gen,1sg,comp
.ьылэн	sg,gen,1sg
.елэсь|гес	sg,abl,1sg,comp
.елэсь|гем	sg,abl,1sg,comp
.елэсь	sg,abl,1sg
.ьылэсь|гес	sg,abl,1sg,comp
.ьылэсь|гем	sg,abl,1sg,comp
.ьылэсь	sg,abl,1sg
.елы|гес	sg,dat,1sg,comp
.елы|гем	sg,dat,1sg,comp
.елы	sg,dat,1sg
.ьылы|гес	sg,dat,1sg,comp
.ьылы|гем	sg,dat,1sg,comp
.ьылы	sg,dat,1sg
.етэк|гес	sg,car,1sg,comp
.етэк|гем	sg,car,1sg,comp
.етэк	sg,car,1sg
.ьытэк|гес	sg,car,1sg,comp
.ьытэк|гем	sg,car,1sg,comp
.ьытэк	sg,car,1sg
.ея|гес	sg,adv,1sg,comp
.ея|гем	sg,adv,1sg,comp
.ея	sg,adv,1sg
.ьыя|гес	sg,adv,1sg,comp
.ьыя|гем	sg,adv,1sg,comp
.ьыя	sg,adv,1sg
.елань|гес	sg,app,1sg,comp
.елань|гем	sg,app,1sg,comp
.елань	sg,app,1sg
.ьылэнь|гес	sg,app,1sg,comp
.ьылэнь|гем	sg,app,1sg,comp
.ьылэнь	sg,app,1sg
.еным|гес	sg,ins,1sg,comp
.еным|гем	sg,ins,1sg,comp
.еным	sg,ins,1sg
.ьыным|гес	sg,ins,1sg,comp
.ьыным|гем	sg,ins,1sg,comp
.ьыным	sg,ins,1sg
.ям|гес	sg,loc,1sg,comp
.ям|гем	sg,loc,1sg,comp
.ям	sg,loc,1sg
.ям|гес	sg,ill,1sg,comp
.ям|гем	sg,ill,1sg,comp
.ям	sg,ill,1sg
.ьысьтым|гес	sg,el,1sg,comp
.ьысьтым|гем	sg,el,1sg,comp
.ьысьтым	sg,el,1sg
.ьысеным|гес	sg,egr,1sg,comp
.ьысеным|гем	sg,egr,1sg,comp
.ьысеным	sg,egr,1sg
.ёзям|гес	sg,term,1sg,comp
.ёзям|гем	sg,term,1sg,comp
.ёзям	sg,term,1sg
.етӥм|гес	sg,prol,1sg,comp
.етӥм|гем	sg,prol,1sg,comp
.етӥм	sg,prol,1sg
.ьытӥм|гес	sg,prol,1sg,comp
.ьытӥм|гем	sg,prol,1sg,comp
.ьытӥм	sg,prol,1sg
.ьтӥм|гес	sg,prol,1sg,comp
.ьтӥм|гем	sg,prol,1sg,comp
.ьтӥм	sg,prol,1sg
.ед|гес	sg,nom,2sg,comp
.ед|гем	sg,nom,2sg,comp
.ед	sg,nom,2sg
.ьыд|гес	sg,nom,2sg,comp
.ьыд|гем	sg,nom,2sg,comp
.ьыд	sg,nom,2sg
.едлэн|гес	sg,gen,2sg,comp
.едлэн|гем	sg,gen,2sg,comp
.едлэн	sg,gen,2sg
.ьылэн|гес	sg,gen,2sg,comp
.ьылэн|гем	sg,gen,2sg,comp
.ьылэн	sg,gen,2sg
.едлэсь|гес	sg,abl,2sg,comp
.едлэсь|гем	sg,abl,2sg,comp
.едлэсь	sg,abl,2sg
.ьыдлэсь|гес	sg,abl,2sg,comp
.ьыдлэсь|гем	sg,abl,2sg,comp
.ьыдлэсь	sg,abl,2sg
.едлы|гес	sg,dat,2sg,comp
.едлы|гем	sg,dat,2sg,comp
.едлы	sg,dat,2sg
.ьыдлы|гес	sg,dat,2sg,comp
.ьыдлы|гем	sg,dat,2sg,comp
.ьыдлы	sg,dat,2sg
.едтэк|гес	sg,car,2sg,comp
.едтэк|гем	sg,car,2sg,comp
.едтэк	sg,car,2sg
.ьыдтэк|гес	sg,car,2sg,comp
.ьыдтэк|гем	sg,car,2sg,comp
.ьыдтэк	sg,car,2sg
.едъя|гес	sg,adv,2sg,comp
.едъя|гем	sg,adv,2sg,comp
.едъя	sg,adv,2sg
.ьыдъя|гес	sg,adv,2sg,comp
.ьыдъя|гем	sg,adv,2sg,comp
.ьыдъя	sg,adv,2sg
.едлань|гес	sg,app,2sg,comp
.едлань|гем	sg,app,2sg,comp
.едлань	sg,app,2sg
.ьыдлань|гес	sg,app,2sg,comp
.ьыдлань|гем	sg,app,2sg,comp
.ьыдлань	sg,app,2sg
.ьдэ|гес	sg,acc,2sg,comp
.ьдэ|гем	sg,acc,2sg,comp
.ьдэ	sg,acc,2sg
.ьтэ|гес	sg,acc,2sg,comp
.ьтэ|гем	sg,acc,2sg,comp
.ьтэ	sg,acc,2sg
.еныд|гес	sg,ins,2sg,comp
.еныд|гем	sg,ins,2sg,comp
.еныд	sg,ins,2sg
.ьыныд|гес	sg,ins,2sg,comp
.ьыныд|гем	sg,ins,2sg,comp
.ьыныд	sg,ins,2sg
.яд|гес	sg,loc,2sg,comp
.яд|гем	sg,loc,2sg,comp
.яд	sg,loc,2sg
.яд|гес	sg,ill,2sg,comp
.яд|гем	sg,ill,2sg,comp
.яд	sg,ill,2sg
.ьысьтыд|гес	sg,el,2sg,comp
.ьысьтыд|гем	sg,el,2sg,comp
.ьысьтыд	sg,el,2sg
.ьысеныд|гес	sg,egr,2sg,comp
.ьысеныд|гем	sg,egr,2sg,comp
.ьысеныд	sg,egr,2sg
.ёзяд|гес	sg,term,2sg,comp
.ёзяд|гем	sg,term,2sg,comp
.ёзяд	sg,term,2sg
.етӥд|гес	sg,prol,2sg,comp
.етӥд|гем	sg,prol,2sg,comp
.етӥд	sg,prol,2sg
.ьытӥд|гес	sg,prol,2sg,comp
.ьытӥд|гем	sg,prol,2sg,comp
.ьытӥд	sg,prol,2sg
.ьтӥд|гес	sg,prol,2sg,comp
.ьтӥд|гем	sg,prol,2sg,comp
.ьтӥд	sg,prol,2sg
.ез|гес	sg,nom,3sg,comp
.ез|гем	sg,nom,3sg,comp
.ез	sg,nom,3sg
.ьыз|гес	sg,nom,3sg,comp
.ьыз|гем	sg,nom,3sg,comp
.ьыз	sg,nom,3sg
.езлэн|гес	sg,gen,3sg,comp
.езлэн|гем	sg,gen,3sg,comp
.езлэн	sg,gen,3sg
.ьызлэн|гес	sg,gen,3sg,comp
.ьызлэн|гем	sg,gen,3sg,comp
.ьызлэн	sg,gen,3sg
.езлэсь|гес	sg,abl,3sg,comp
.езлэсь|гем	sg,abl,3sg,comp
.езлэсь	sg,abl,3sg
.ьызлэсь|гес	sg,abl,3sg,comp
.ьызлэсь|гем	sg,abl,3sg,comp
.ьызлэсь	sg,abl,3sg
.езлы|гес	sg,dat,3sg,comp
.езлы|гем	sg,dat,3sg,comp
.езлы	sg,dat,3sg
.ьызлы|гес	sg,dat,3sg,comp
.ьызлы|гем	sg,dat,3sg,comp
.ьызлы	sg,dat,3sg
.езтэк|гес	sg,car,3sg,comp
.езтэк|гем	sg,car,3sg,comp
.езтэк	sg,car,3sg
.ьызтэк|гес	sg,car,3sg,comp
.ьызтэк|гем	sg,car,3sg,comp
.ьызтэк	sg,car,3sg
.езъя|гес	sg,adv,3sg,comp
.езъя|гем	sg,adv,3sg,comp
.езъя	sg,adv,3sg
.ьызъя|гес	sg,adv,3sg,comp
.ьызъя|гем	sg,adv,3sg,comp
.ьызъя	sg,adv,3sg
.езлань|гес	sg,app,3sg,comp
.езлань|гем	sg,app,3sg,comp
.езлань	sg,app,3sg
.ьызлань|гес	sg,app,3sg,comp
.ьызлань|гем	sg,app,3sg,comp
.ьызлань	sg,app,3sg
.ьзэ|гес	sg,acc,3sg,comp
.ьзэ|гем	sg,acc,3sg,comp
.ьзэ	sg,acc,3sg
.ьсэ|гес	sg,acc,3sg,comp
.ьсэ|гем	sg,acc,3sg,comp
.ьсэ	sg,acc,3sg
.еныз|гес	sg,ins,3sg,comp
.еныз|гем	sg,ins,3sg,comp
.еныз	sg,ins,3sg
.ьыныз|гес	sg,ins,3sg,comp
.ьыныз|гем	sg,ins,3sg,comp
.ьыныз	sg,ins,3sg
.яз|гес	sg,loc,3sg,comp
.яз|гем	sg,loc,3sg,comp
.яз	sg,loc,3sg
.яз|гес	sg,ill,3sg,comp
.яз|гем	sg,ill,3sg,comp
.яз	sg,ill,3sg
.ьысьтыз|гес	sg,el,3sg,comp
.ьысьтыз|гем	sg,el,3sg,comp
.ьысьтыз	sg,el,3sg
.ьысеныз|гес	sg,egr,3sg,comp
.ьысеныз|гем	sg,egr,3sg,comp
.ьысеныз	sg,egr,3sg
.ёзяз|гес	sg,term,3sg,comp
.ёзяз|гем	sg,term,3sg,comp
.ёзяз	sg,term,3sg
.етӥз|гес	sg,prol,3sg,comp
.етӥз|гем	sg,prol,3sg,comp
.етӥз	sg,prol,3sg
.ьытӥз|гес	sg,prol,3sg,comp
.ьытӥз|гем	sg,prol,3sg,comp
.ьытӥз	sg,prol,3sg
.ьтӥз|гес	sg,prol,3sg,comp
.ьтӥз|гем	sg,prol,3sg,comp
.ьтӥз	sg,prol,3sg
.ьмы|гес	sg,nom,1pl,comp
.ьмы|гем	sg,nom,1pl,comp
.ьмы	sg,nom,1pl
.ьмылэн|гес	sg,gen,1pl,comp
.ьмылэн|гем	sg,gen,1pl,comp
.ьмылэн	sg,gen,1pl
.ьмылэсь|гес	sg,abl,1pl,comp
.ьмылэсь|гем	sg,abl,1pl,comp
.ьмылэсь	sg,abl,1pl
.ьмылы|гес	sg,dat,1pl,comp
.ьмылы|гем	sg,dat,1pl,comp
.ьмылы	sg,dat,1pl
.ьмытэк|гес	sg,car,1pl,comp
.ьмытэк|гем	sg,car,1pl,comp
.ьмытэк	sg,car,1pl
.ьмыя|гес	sg,adv,1pl,comp
.ьмыя|гем	sg,adv,1pl,comp
.ьмыя	sg,adv,1pl
.ьмылань|гес	sg,app,1pl,comp
.ьмылань|гем	sg,app,1pl,comp
.ьмылань	sg,app,1pl
.ьмес|гес	sg,acc,1pl,comp
.ьмес|гем	sg,acc,1pl,comp
.ьмес	sg,acc,1pl
.ьынымы|гес	sg,ins,1pl,comp
.ьынымы|гем	sg,ins,1pl,comp
.ьынымы	sg,ins,1pl
.ямы|гес	sg,loc,1pl,comp
.ямы|гем	sg,loc,1pl,comp
.ямы	sg,loc,1pl
.ямы|гес	sg,ill,1pl,comp
.ямы|гем	sg,ill,1pl,comp
.ямы	sg,ill,1pl
.ьысьтымы|гес	sg,el,1pl,comp
.ьысьтымы|гем	sg,el,1pl,comp
.ьысьтымы	sg,el,1pl
.ьысенымы|гес	sg,egr,1pl,comp
.ьысенымы|гем	sg,egr,1pl,comp
.ьысенымы	sg,egr,1pl
.ёзямы|гес	sg,term,1pl,comp
.ёзямы|гем	sg,term,1pl,comp
.ёзямы	sg,term,1pl
.ьытӥмы|гес	sg,prol,1pl,comp
.ьытӥмы|гем	sg,prol,1pl,comp
.ьытӥмы	sg,prol,1pl
.ьтӥмы|гес	sg,prol,1pl,comp
.ьтӥмы|гем	sg,prol,1pl,comp
.ьтӥмы	sg,prol,1pl
.ьты|гес	sg,nom,2pl,comp
.ьты|гем	sg,nom,2pl,comp
.ьты	sg,nom,2pl
.ьды|гес	sg,nom,2pl,comp
.ьды|гем	sg,nom,2pl,comp
.ьды	sg,nom,2pl
.ьтылэн|гес	sg,gen,2pl,comp
.ьтылэн|гем	sg,gen,2pl,comp
.ьтылэн	sg,gen,2pl
.ьдылэн|гес	sg,gen,2pl,comp
.ьдылэн|гем	sg,gen,2pl,comp
.ьдылэн	sg,gen,2pl
.ьтылэсь|гес	sg,abl,2pl,comp
.ьтылэсь|гем	sg,abl,2pl,comp
.ьтылэсь	sg,abl,2pl
.ьдылэсь|гес	sg,abl,2pl,comp
.ьдылэсь|гем	sg,abl,2pl,comp
.ьдылэсь	sg,abl,2pl
.ьтылы|гес	sg,dat,2pl,comp
.ьтылы|гем	sg,dat,2pl,comp
.ьтылы	sg,dat,2pl
.ьдылы|гес	sg,dat,2pl,comp
.ьдылы|гем	sg,dat,2pl,comp
.ьдылы	sg,dat,2pl
.ьтытэк|гес	sg,car,2pl,comp
.ьтытэк|гем	sg,car,2pl,comp
.ьтытэк	sg,car,2pl
.ьдытэк|гес	sg,car,2pl,comp
.ьдытэк|гем	sg,car,2pl,comp
.ьдытэк	sg,car,2pl
.ьтыя|гес	sg,adv,2pl,comp
.ьтыя|гем	sg,adv,2pl,comp
.ьтыя	sg,adv,2pl
.ьдыя|гес	sg,adv,2pl,comp
.ьдыя|гем	sg,adv,2pl,comp
.ьдыя	sg,adv,2pl
.ьтылань|гес	sg,app,2pl,comp
.ьтылань|гем	sg,app,2pl,comp
.ьтылань	sg,app,2pl
.ьдылань|гес	sg,app,2pl,comp
.ьдылань|гем	sg,app,2pl,comp
.ьдылань	sg,app,2pl
.ьтэс|гес	sg,acc,2pl,comp
.ьтэс|гем	sg,acc,2pl,comp
.ьтэс	sg,acc,2pl
.ьдэс|гес	sg,acc,2pl,comp
.ьдэс|гем	sg,acc,2pl,comp
.ьдэс	sg,acc,2pl
.ьыныды|гес	sg,ins,2pl,comp
.ьыныды|гем	sg,ins,2pl,comp
.ьыныды	sg,ins,2pl
.яды|гес	sg,loc,2pl,comp
.яды|гем	sg,loc,2pl,comp
.яды	sg,loc,2pl
.яды|гес	sg,ill,2pl,comp
.яды|гем	sg,ill,2pl,comp
.яды	sg,ill,2pl
.ьысьтыды|гес	sg,el,2pl,comp
.ьысьтыды|гем	sg,el,2pl,comp
.ьысьтыды	sg,el,2pl
.ьысеныды|гес	sg,egr,2pl,comp
.ьысеныды|гем	sg,egr,2pl,comp
.ьысеныды	sg,egr,2pl
.ёзяды|гес	sg,term,2pl,comp
.ёзяды|гем	sg,term,2pl,comp
.ёзяды	sg,term,2pl
.ьытӥды|гес	sg,prol,2pl,comp
.ьытӥды|гем	sg,prol,2pl,comp
.ьытӥды	sg,prol,2pl
.ьтӥды|гес	sg,prol,2pl,comp
.ьтӥды|гем	sg,prol,2pl,comp
.ьтӥды	sg,prol,2pl
.ьсы|гес	sg,nom,3pl,comp
.ьсы|гем	sg,nom,3pl,comp
.ьсы	sg,nom,3pl
.ьзы|гес	sg,nom,3pl,comp
.ьзы|гем	sg,nom,3pl,comp
.ьзы	sg,nom,3pl
.ьсылэн|гес	sg,gen,3pl,comp
.ьсылэн|гем	sg,gen,3pl,comp
.ьсылэн	sg,gen,3pl
.ьзылэн|гес	sg,gen,3pl,comp
.ьзылэн|гем	sg,gen,3pl,comp
.ьзылэн	sg,gen,3pl
.ьсылэсь|гес	sg,abl,3pl,comp
.ьсылэсь|гем	sg,abl,3pl,comp
.ьсылэсь	sg,abl,3pl
.ьзылэсь|гес	sg,abl,3pl,comp
.ьзылэсь|гем	sg,abl,3pl,comp
.ьзылэсь	sg,abl,3pl
.ьсылы|гес	sg,dat,3pl,comp
.ьсылы|гем	sg,dat,3pl,comp
.ьсылы	sg,dat,3pl
.ьзылы|гес	sg,dat,3pl,comp
.ьзылы|гем	sg,dat,3pl,comp
.ьзылы	sg,dat,3pl
.ьсытэк|гес	sg,car,3pl,comp
.ьсытэк|гем	sg,car,3pl,comp
.ьсытэк	sg,car,3pl
.ьзытэк|гес	sg,car,3pl,comp
.ьзытэк|гем	sg,car,3pl,comp
.ьзытэк	sg,car,3pl
.ьсыя|гес	sg,adv,3pl,comp
.ьсыя|гем	sg,adv,3pl,comp
.ьсыя	sg,adv,3pl
.ьзыя|гес	sg,adv,3pl,comp
.ьзыя|гем	sg,adv,3pl,comp
.ьзыя	sg,adv,3pl
.ьсылань|гес	sg,app,3pl,comp
.ьсылань|гем	sg,app,3pl,comp
.ьсылань	sg,app,3pl
.ьзылань|гес	sg,app,3pl,comp
.ьзылань|гем	sg,app,3pl,comp
.ьзылань	sg,app,3pl
.ьсэс|гес	sg,acc,3pl,comp
.ьсэс|гем	sg,acc,3pl,comp
.ьсэс	sg,acc,3pl
.ьзэс|гес	sg,acc,3pl,comp
.ьзэс|гем	sg,acc,3pl,comp
.ьзэс	sg,acc,3pl
.ьынызы|гес	sg,ins,3pl,comp
.ьынызы|гем	sg,ins,3pl,comp
.ьынызы	sg,ins,3pl
.язы|гес	sg,loc,3pl,comp
.язы|гем	sg,loc,3pl,comp
.язы	sg,loc,3pl
.язы|гес	sg,ill,3pl,comp
.язы|гем	sg,ill,3pl,comp
.язы	sg,ill,3pl
.ьысьтызы|гес	sg,el,3pl,comp
.ьысьтызы|гем	sg,el,3pl,comp
.ьысьтызы	sg,el,3pl
.ьысенызы|гес	sg,egr,3pl,comp
.ьысенызы|гем	sg,egr,3pl,comp
.ьысенызы	sg,egr,3pl
.ёзязы|гес	sg,term,3pl,comp
.ёзязы|гем	sg,term,3pl,comp
.ёзязы	sg,term,3pl
.ьытӥзы|гес	sg,prol,3pl,comp
.ьытӥзы|гем	sg,prol,3pl,comp
.ьытӥзы	sg,prol,3pl
.ьтӥзы|гес	sg,prol,3pl,comp
.ьтӥзы|гем	sg,prol,3pl,comp
.ьтӥзы	sg,prol,3pl
.ьёс|гес	pl,nom,comp
.ьёс|гем	pl,nom,comp
.ьёс	pl,nom
.ьёс|эз|гес	pl,acc,comp
.ьёс|эз|гем	pl,acc,comp
.ьёс|эз	pl,acc
.ьёс|ыз|гес	pl,acc,comp
.ьёс|ыз|гем	pl,acc,comp
.ьёс|ыз	pl,acc
.ьёс|ты|гес	pl,acc,comp
.ьёс|ты|гем	pl,acc,comp
.ьёс|ты	pl,acc
.ьёс|лэн|гес	pl,gen,comp
.ьёс|лэн|гем	pl,gen,comp
.ьёс|лэн	pl,gen
.ьёс|лэсь|гес	pl,abl,comp
.ьёс|лэсь|гем	pl,abl,comp
.ьёс|лэсь	pl,abl
.ьёс|лы|гес	pl,dat,comp
.ьёс|лы|гем	pl,dat,comp
.ьёс|лы	pl,dat
.ьёс|эн|гес	pl,ins,comp
.ьёс|эн|гем	pl,ins,comp
.ьёс|эн	pl,ins
.ьёс|ын|гес	pl,ins,comp
.ьёс|ын|гем	pl,ins,comp
.ьёс|ын	pl,ins
.ьёс|тэк|гес	pl,car,comp
.ьёс|тэк|гем	pl,car,comp
.ьёс|тэк	pl,car
.ьёс|я|гес	pl,adv,comp
.ьёс|я|гем	pl,adv,comp
.ьёс|я	pl,adv
.ьёс|ъя|гес	pl,adv,comp
.ьёс|ъя|гем	pl,adv,comp
.ьёс|ъя	pl,adv
.ьёс|ын|гес	pl,loc,comp
.ьёс|ын|гем	pl,loc,comp
.ьёс|ын	pl,loc
.ьёс|э|гес	pl,ill,comp
.ьёс|э|гем	pl,ill,comp
.ьёс|э	pl,ill
.ьёс|ы|гес	pl,ill,comp
.ьёс|ы|гем	pl,ill,comp
.ьёс|ы	pl,ill
.ьёс|ысь|гес	pl,el,comp
.ьёс|ысь|гем	pl,el,comp
.ьёс|ысь	pl,el
.ьёс|ысен|гес	pl,egr,comp
.ьёс|ысен|гем	pl,egr,comp
.ьёс|ысен	pl,egr
.ьёс|озь|гес	pl,term,comp
.ьёс|озь|гем	pl,term,comp
.ьёс|озь	pl,term
.ьёс|этӥ|гес	pl,prol,comp
.ьёс|этӥ|гем	pl,prol,comp
.ьёс|этӥ	pl,prol
.ьёс|ытӥ|гес	pl,prol,comp
.ьёс|ытӥ|гем	pl,prol,comp
.ьёс|ытӥ	pl,prol
.ьёс|тӥ|гес	pl,prol,comp
.ьёс|тӥ|гем	pl,prol,comp
.ьёс|тӥ	pl,prol
.ьёс|лань|гес	pl,app,comp
.ьёс|лань|гем	pl,app,comp
.ьёс|лань	pl,app
.ьёс|э|гес	pl,nom,1sg,comp
.ьёс|э|гем	pl,nom,1sg,comp
.ьёс|э	pl,nom,1sg
.ьёс|ы|гес	pl,nom,1sg,comp
.ьёс|ы|гем	pl,nom,1sg,comp
.ьёс|ы	pl,nom,1sg
.ьёс|ме|гес	pl,acc,1sg,comp
.ьёс|ме|гем	pl,acc,1sg,comp
.ьёс|ме	pl,acc,1sg
.ьёс|элэн|гес	pl,gen,1sg,comp
.ьёс|элэн|гем	pl,gen,1sg,comp
.ьёс|элэн	pl,gen,1sg
.ьёс|ылэн|гес	pl,gen,1sg,comp
.ьёс|ылэн|гем	pl,gen,1sg,comp
.ьёс|ылэн	pl,gen,1sg
.ьёс|элэсь|гес	pl,abl,1sg,comp
.ьёс|элэсь|гем	pl,abl,1sg,comp
.ьёс|элэсь	pl,abl,1sg
.ьёс|ылэсь|гес	pl,abl,1sg,comp
.ьёс|ылэсь|гем	pl,abl,1sg,comp
.ьёс|ылэсь	pl,abl,1sg
.ьёс|элы|гес	pl,dat,1sg,comp
.ьёс|элы|гем	pl,dat,1sg,comp
.ьёс|элы	pl,dat,1sg
.ьёс|ылы|гес	pl,dat,1sg,comp
.ьёс|ылы|гем	pl,dat,1sg,comp
.ьёс|ылы	pl,dat,1sg
.ьёс|этэк|гес	pl,car,1sg,comp
.ьёс|этэк|гем	pl,car,1sg,comp
.ьёс|этэк	pl,car,1sg
.ьёс|ытэк|гес	pl,car,1sg,comp
.ьёс|ытэк|гем	pl,car,1sg,comp
.ьёс|ытэк	pl,car,1sg
.ьёс|эя|гес	pl,adv,1sg,comp
.ьёс|эя|гем	pl,adv,1sg,comp
.ьёс|эя	pl,adv,1sg
.ьёс|ыя|гес	pl,adv,1sg,comp
.ьёс|ыя|гем	pl,adv,1sg,comp
.ьёс|ыя	pl,adv,1sg
.ьёс|элань|гес	pl,app,1sg,comp
.ьёс|элань|гем	pl,app,1sg,comp
.ьёс|элань	pl,app,1sg
.ьёс|ылэнь|гес	pl,app,1sg,comp
.ьёс|ылэнь|гем	pl,app,1sg,comp
.ьёс|ылэнь	pl,app,1sg
.ьёс|эным|гес	pl,ins,1sg,comp
.ьёс|эным|гем	pl,ins,1sg,comp
.ьёс|эным	pl,ins,1sg
.ьёс|ыным|гес	pl,ins,1sg,comp
.ьёс|ыным|гем	pl,ins,1sg,comp
.ьёс|ыным	pl,ins,1sg
.ьёс|ам|гес	pl,loc,1sg,comp
.ьёс|ам|гем	pl,loc,1sg,comp
.ьёс|ам	pl,loc,1sg
.ьёс|ам|гес	pl,ill,1sg,comp
.ьёс|ам|гем	pl,ill,1sg,comp
.ьёс|ам	pl,ill,1sg
.ьёс|ысьтым|гес	pl,el,1sg,comp
.ьёс|ысьтым|гем	pl,el,1sg,comp
.ьёс|ысьтым	pl,el,1sg
.ьёс|ысеным|гес	pl,egr,1sg,comp
.ьёс|ысеным|гем	pl,egr,1sg,comp
.ьёс|ысеным	pl,egr,1sg
.ьёс|озям|гес	pl,term,1sg,comp
.ьёс|озям|гем	pl,term,1sg,comp
.ьёс|озям	pl,term,1sg
.ьёс|этӥм|гес	pl,prol,1sg,comp
.ьёс|этӥм|гем	pl,prol,1sg,comp
.ьёс|этӥм	pl,prol,1sg
.ьёс|ытӥм|гес	pl,prol,1sg,comp
.ьёс|ытӥм|гем	pl,prol,1sg,comp
.ьёс|ытӥм	pl,prol,1sg
.ьёс|тӥм|гес	pl,prol,1sg,comp
.ьёс|тӥм|гем	pl,prol,1sg,comp
.ьёс|тӥм	pl,prol,1sg
.ьёс|эд|гес	pl,nom,2sg,comp
.ьёс|эд|гем	pl,nom,2sg,comp
.ьёс|эд	pl,nom,2sg
.ьёс|ыд|гес	pl,nom,2sg,comp
.ьёс|ыд|гем	pl,nom,2sg,comp
.ьёс|ыд	pl,nom,2sg
.ьёс|эдлэн|гес	pl,gen,2sg,comp
.ьёс|эдлэн|гем	pl,gen,2sg,comp
.ьёс|эдлэн	pl,gen,2sg
.ьёс|ыдлэн|гес	pl,gen,2sg,comp
.ьёс|ыдлэн|гем	pl,gen,2sg,comp
.ьёс|ыдлэн	pl,gen,2sg
.ьёс|эдлэсь|гес	pl,abl,2sg,comp
.ьёс|эдлэсь|гем	pl,abl,2sg,comp
.ьёс|эдлэсь	pl,abl,2sg
.ьёс|ыдлэсь|гес	pl,abl,2sg,comp
.ьёс|ыдлэсь|гем	pl,abl,2sg,comp
.ьёс|ыдлэсь	pl,abl,2sg
.ьёс|эдлы|гес	pl,dat,2sg,comp
.ьёс|эдлы|гем	pl,dat,2sg,comp
.ьёс|эдлы	pl,dat,2sg
.ьёс|ыдлы|гес	pl,dat,2sg,comp
.ьёс|ыдлы|гем	pl,dat,2sg,comp
.ьёс|ыдлы	pl,dat,2sg
.ьёс|эдтэк|гес	pl,car,2sg,comp
.ьёс|эдтэк|гем	pl,car,2sg,comp
.ьёс|эдтэк	pl,car,2sg
.ьёс|ыдтэк|гес	pl,car,2sg,comp
.ьёс|ыдтэк|гем	pl,car,2sg,comp
.ьёс|ыдтэк	pl,car,2sg
.ьёс|эдъя|гес	pl,adv,2sg,comp
.ьёс|эдъя|гем	pl,adv,2sg,comp
.ьёс|эдъя	pl,adv,2sg
.ьёс|ыдъя|гес	pl,adv,2sg,comp
.ьёс|ыдъя|гем	pl,adv,2sg,comp
.ьёс|ыдъя	pl,adv,2sg
.ьёс|эдлань|гес	pl,app,2sg,comp
.ьёс|эдлань|гем	pl,app,2sg,comp
.ьёс|эдлань	pl,app,2sg
.ьёс|ыдлань|гес	pl,app,2sg,comp
.ьёс|ыдлань|гем	pl,app,2sg,comp
.ьёс|ыдлань	pl,app,2sg
.ьёс|дэ|гес	pl,acc,2sg,comp
.ьёс|дэ|гем	pl,acc,2sg,comp
.ьёс|дэ	pl,acc,2sg
.ьёс|тэ|гес	pl,acc,2sg,comp
.ьёс|тэ|гем	pl,acc,2sg,comp
.ьёс|тэ	pl,acc,2sg
.ьёс|эныд|гес	pl,ins,2sg,comp
.ьёс|эныд|гем	pl,ins,2sg,comp
.ьёс|эныд	pl,ins,2sg
.ьёс|ыныд|гес	pl,ins,2sg,comp
.ьёс|ыныд|гем	pl,ins,2sg,comp
.ьёс|ыныд	pl,ins,2sg
.ьёс|ад|гес	pl,loc,2sg,comp
.ьёс|ад|гем	pl,loc,2sg,comp
.ьёс|ад	pl,loc,2sg
.ьёс|ад|гес	pl,ill,2sg,comp
.ьёс|ад|гем	pl,ill,2sg,comp
.ьёс|ад	pl,ill,2sg
.ьёс|ысьтыд|гес	pl,el,2sg,comp
.ьёс|ысьтыд|гем	pl,el,2sg,comp
.ьёс|ысьтыд	pl,el,2sg
.ьёс|ысеныд|гес	pl,egr,2sg,comp
.ьёс|ысеныд|гем	pl,egr,2sg,comp
.ьёс|ысеныд	pl,egr,2sg
.ьёс|озяд|гес	pl,term,2sg,comp
.ьёс|озяд|гем	pl,term,2sg,comp
.ьёс|озяд	pl,term,2sg
.ьёс|этӥд|гес	pl,prol,2sg,comp
.ьёс|этӥд|гем	pl,prol,2sg,comp
.ьёс|этӥд	pl,prol,2sg
.ьёс|ытӥд|гес	pl,prol,2sg,comp
.ьёс|ытӥд|гем	pl,prol,2sg,comp
.ьёс|ытӥд	pl,prol,2sg
.ьёс|тӥд|гес	pl,prol,2sg,comp
.ьёс|тӥд|гем	pl,prol,2sg,comp
.ьёс|тӥд	pl,prol,2sg
.ьёс|эз|гес	pl,nom,3sg,comp
.ьёс|эз|гем	pl,nom,3sg,comp
.ьёс|эз	pl,nom,3sg
.ьёс|ыз|гес	pl,nom,3sg,comp
.ьёс|ыз|гем	pl,nom,3sg,comp
.ьёс|ыз	pl,nom,3sg
.ьёс|эзлэн|гес	pl,gen,3sg,comp
.ьёс|эзлэн|гем	pl,gen,3sg,comp
.ьёс|эзлэн	pl,gen,3sg
.ьёс|ызлэн|гес	pl,gen,3sg,comp
.ьёс|ызлэн|гем	pl,gen,3sg,comp
.ьёс|ызлэн	pl,gen,3sg
.ьёс|эзлэсь|гес	pl,abl,3sg,comp
.ьёс|эзлэсь|гем	pl,abl,3sg,comp
.ьёс|эзлэсь	pl,abl,3sg
.ьёс|ызлэсь|гес	pl,abl,3sg,comp
.ьёс|ызлэсь|гем	pl,abl,3sg,comp
.ьёс|ызлэсь	pl,abl,3sg
.ьёс|эзлы|гес	pl,dat,3sg,comp
.ьёс|эзлы|гем	pl,dat,3sg,comp
.ьёс|эзлы	pl,dat,3sg
.ьёс|ызлы|гес	pl,dat,3sg,comp
.ьёс|ызлы|гем	pl,dat,3sg,comp
.ьёс|ызлы	pl,dat,3sg
.ьёс|эзтэк|гес	pl,car,3sg,comp
.ьёс|эзтэк|гем	pl,car,3sg,comp
.ьёс|эзтэк	pl,car,3sg
.ьёс|ызтэк|гес	pl,car,3sg,comp
.ьёс|ызтэк|гем	pl,car,3sg,comp
.ьёс|ызтэк	pl,car,3sg
.ьёс|эзъя|гес	pl,adv,3sg,comp
.ьёс|эзъя|гем	pl,adv,3sg,comp
.ьёс|эзъя	pl,adv,3sg
.ьёс|ызъя|гес	pl,adv,3sg,comp
.ьёс|ызъя|гем	pl,adv,3sg,comp
.ьёс|ызъя	pl,adv,3sg
.ьёс|эзлань|гес	pl,app,3sg,comp
.ьёс|эзлань|гем	pl,app,3sg,comp
.ьёс|эзлань	pl,app,3sg
.ьёс|ызлань|гес	pl,app,3sg,comp
.ьёс|ызлань|гем	pl,app,3sg,comp
.ьёс|ызлань	pl,app,3sg
.ьёс|зэ|гес	pl,acc,3sg,comp
.ьёс|зэ|гем	pl,acc,3sg,comp
.ьёс|зэ	pl,acc,3sg
.ьёс|сэ|гес	pl,acc,3sg,comp
.ьёс|сэ|гем	pl,acc,3sg,comp
.ьёс|сэ	pl,acc,3sg
.ьёс|эныз|гес	pl,ins,3sg,comp
.ьёс|эныз|гем	pl,ins,3sg,comp
.ьёс|эныз	pl,ins,3sg
.ьёс|ыныз|гес	pl,ins,3sg,comp
.ьёс|ыныз|гем	pl,ins,3sg,comp
.ьёс|ыныз	pl,ins,3sg
.ьёс|аз|гес	pl,loc,3sg,comp
.ьёс|аз|гем	pl,loc,3sg,comp
.ьёс|аз	pl,loc,3sg
.ьёс|аз|гес	pl,ill,3sg,comp
.ьёс|аз|гем	pl,ill,3sg,comp
.ьёс|аз	pl,ill,3sg
.ьёс|ысьтыз|гес	pl,el,3sg,comp
.ьёс|ысьтыз|гем	pl,el,3sg,comp
.ьёс|ысьтыз	pl,el,3sg
.ьёс|ысеныз|гес	pl,egr,3sg,comp
.ьёс|ысеныз|гем	pl,egr,3sg,comp
.ьёс|ысеныз	pl,egr,3sg
.ьёс|озяз|гес	pl,term,3sg,comp
.ьёс|озяз|гем	pl,term,3sg,comp
.ьёс|озяз	pl,term,3sg
.ьёс|этӥз|гес	pl,prol,3sg,comp
.ьёс|этӥз|гем	pl,prol,3sg,comp
.ьёс|этӥз	pl,prol,3sg
.ьёс|ытӥз|гес	pl,prol,3sg,comp
.ьёс|ытӥз|гем	pl,prol,3sg,comp
.ьёс|ытӥз	pl,prol,3sg
.ьёс|тӥз|гес	pl,prol,3sg,comp
.ьёс|тӥз|гем	pl,prol,3sg,comp
.ьёс|тӥз	pl,prol,3sg
.ьёс|мы|гес	pl,nom,1pl,comp
.ьёс|мы|гем	pl,nom,1pl,comp
.ьёс|мы	pl,nom,1pl
.ьёс|мылэн|гес	pl,gen,1pl,comp
.ьёс|мылэн|гем	pl,gen,1pl,comp
.ьёс|мылэн	pl,gen,1pl
.ьёс|мылэсь|гес	pl,abl,1pl,comp
.ьёс|мылэсь|гем	pl,abl,1pl,comp
.ьёс|мылэсь	pl,abl,1pl
.ьёс|мылы|гес	pl,dat,1pl,comp
.ьёс|мылы|гем	pl,dat,1pl,comp
.ьёс|мылы	pl,dat,1pl
.ьёс|мытэк|гес	pl,car,1pl,comp
.ьёс|мытэк|гем	pl,car,1pl,comp
.ьёс|мытэк	pl,car,1pl
.ьёс|мыя|гес	pl,adv,1pl,comp
.ьёс|мыя|гем	pl,adv,1pl,comp
.ьёс|мыя	pl,adv,1pl
.ьёс|мылань|гес	pl,app,1pl,comp
.ьёс|мылань|гем	pl,app,1pl,comp
.ьёс|мылань	pl,app,1pl
.ьёс|мес|гес	pl,acc,1pl,comp
.ьёс|мес|гем	pl,acc,1pl,comp
.ьёс|мес	pl,acc,1pl
.ьёс|ынымы|гес	pl,ins,1pl,comp
.ьёс|ынымы|гем	pl,ins,1pl,comp
.ьёс|ынымы	pl,ins,1pl
.ьёс|амы|гес	pl,loc,1pl,comp
.ьёс|амы|гем	pl,loc,1pl,comp
.ьёс|амы	pl,loc,1pl
.ьёс|амы|гес	pl,ill,1pl,comp
.ьёс|амы|гем	pl,ill,1pl,comp
.ьёс|амы	pl,ill,1pl
.ьёс|ысьтымы|гес	pl,el,1pl,comp
.ьёс|ысьтымы|гем	pl,el,1pl,comp
.ьёс|ысьтымы	pl,el,1pl
.ьёс|ысенымы|гес	pl,egr,1pl,comp
.ьёс|ысенымы|гем	pl,egr,1pl,comp
.ьёс|ысенымы	pl,egr,1pl
.ьёс|озямы|гес	pl,term,1pl,comp
.ьёс|озямы|гем	pl,term,1pl,comp
.ьёс|озямы	pl,term,1pl
.ьёс|ытӥмы|гес	pl,prol,1pl,comp
.ьёс|ытӥмы|гем	pl,prol,1pl,comp
.ьёс|ытӥмы	pl,prol,1pl
.ьёс|тӥмы|гес	pl,prol,1pl,comp
.ьёс|тӥмы|гем	pl,prol,1pl,comp
.ьёс|тӥмы	pl,prol,1pl
.ьёс|ты|гес	pl,nom,2pl,comp
.ьёс|ты|гем	pl,nom,2pl,comp
.ьёс|ты	pl,nom,2pl
.ьёс|ды|гес	pl,nom,2pl,comp
.ьёс|ды|гем	pl,nom,2pl,comp
.ьёс|ды	pl,nom,2pl
.ьёс|тылэн|гес	pl,gen,2pl,comp
.ьёс|тылэн|гем	pl,gen,2pl,comp
.ьёс|тылэн	pl,gen,2pl
.ьёс|дылэн|гес	pl,gen,2pl,comp
.ьёс|дылэн|гем	pl,gen,2pl,comp
.ьёс|дылэн	pl,gen,2pl
.ьёс|тылэсь|гес	pl,abl,2pl,comp
.ьёс|тылэсь|гем	pl,abl,2pl,comp
.ьёс|тылэсь	pl,abl,2pl
.ьёс|дылэсь|гес	pl,abl,2pl,comp
.ьёс|дылэсь|гем	pl,abl,2pl,comp
.ьёс|дылэсь	pl,abl,2pl
.ьёс|тылы|гес	pl,dat,2pl,comp
.ьёс|тылы|гем	pl,dat,2pl,comp
.ьёс|тылы	pl,dat,2pl
.ьёс|дылы|гес	pl,dat,2pl,comp
.ьёс|дылы|гем	pl,dat,2pl,comp
.ьёс|дылы	pl,dat,2pl
.ьёс|тытэк|гес	pl,car,2pl,comp
.ьёс|тытэк|гем	pl,car,2pl,comp
.ьёс|тытэк	pl,car,2pl
.ьёс|дытэк|гес	pl,car,2pl,comp
.ьёс|дытэк|гем	pl,car,2pl,comp
.ьёс|дытэк	pl,car,2pl
.ьёс|тыя|гес	pl,adv,2pl,comp
.ьёс|тыя|гем	pl,adv,2pl,comp
.ьёс|тыя	pl,adv,2pl
.ьёс|дыя|гес	pl,adv,2pl,comp
.ьёс|дыя|гем	pl,adv,2pl,comp
.ьёс|дыя	pl,adv,2pl
.ьёс|тылань|гес	pl,app,2pl,comp
.ьёс|тылань|гем	pl,app,2pl,comp
.ьёс|тылань	pl,app,2pl
.ьёс|дылань|гес	pl,app,2pl,comp
.ьёс|дылань|гем	pl,app,2pl,comp
.ьёс|дылань	pl,app,2pl
.ьёс|тэс|гес	pl,acc,2pl,comp
.ьёс|тэс|гем	pl,acc,2pl,comp
.ьёс|тэс	pl,acc,2pl
.ьёс|дэс|гес	pl,acc,2pl,comp
.ьёс|дэс|гем	pl,acc,2pl,comp
.ьёс|дэс	pl,acc,2pl
.ьёс|ыныды|гес	pl,ins,2pl,comp
.ьёс|ыныды|гем	pl,ins,2pl,comp
.ьёс|ыныды	pl,ins,2pl
.ьёс|ады|гес	pl,loc,2pl,comp
.ьёс|ады|гем	pl,loc,2pl,comp
.ьёс|ады	pl,loc,2pl
.ьёс|ады|гес	pl,ill,2pl,comp
.ьёс|ады|гем	pl,ill,2pl,comp
.ьёс|ады	pl,ill,2pl
.ьёс|ысьтыды|гес	pl,el,2pl,comp
.ьёс|ысьтыды|гем	pl,el,2pl,comp
.ьёс|ысьтыды	pl,el,2pl
.ьёс|ысеныды|гес	pl,egr,2pl,comp
.ьёс|ысеныды|гем	pl,egr,2pl,comp
.ьёс|ысеныды	pl,egr,2pl
.ьёс|озяды|гес	pl,term,2pl,comp
.ьёс|озяды|гем	pl,term,2pl,comp
.ьёс|озяды	pl,term,2pl
.ьёс|ытӥды|гес	pl,prol,2pl,comp
.ьёс|ытӥды|гем	pl,prol,2pl,comp
.ьёс|ытӥды	pl,prol,2pl
.ьёс|тӥды|гес	pl,prol,2pl,comp
.ьёс|тӥды|гем	pl,prol,2pl,comp
.ьёс|тӥды	pl,prol,2pl
.ьёс|сы|гес	pl,nom,3pl,comp
.ьёс|сы|гем	pl,nom,3pl,comp
.ьёс|сы	pl,nom,3pl
.ьёс|зы|гес	pl,nom,3pl,comp
.ьёс|зы|гем	pl,nom,3pl,comp
.ьёс|зы	pl,nom,3pl
.ьёс|сылэн|гес	pl,gen,3pl,comp
.ьёс|сылэн|гем	pl,gen,3pl,comp
.ьёс|сылэн	pl,gen,3pl
.ьёс|зылэн|гес	pl,gen,3pl,comp
.ьёс|зылэн|гем	pl,gen,3pl,comp
.ьёс|зылэн	pl,gen,3pl
.ьёс|сылэсь|гес	pl,abl,3pl,comp
.ьёс|сылэсь|гем	pl,abl,3pl,comp
.ьёс|сылэсь	pl,abl,3pl
.ьёс|зылэсь|гес	pl,abl,3pl,comp
.ьёс|зылэсь|гем	pl,abl,3pl,comp
.ьёс|зылэсь	pl,abl,3pl
.ьёс|сылы|гес	pl,dat,3pl,comp
.ьёс|сылы|гем	pl,dat,3pl,comp
.ьёс|сылы	pl,dat,3pl
.ьёс|зылы|гес	pl,dat,3pl,comp
.ьёс|зылы|гем	pl,dat,3pl,comp
.ьёс|зылы	pl,dat,3pl
.ьёс|сытэк|гес	pl,car,3pl,comp
.ьёс|сытэк|гем	pl,car,3pl,comp
.ьёс|сытэк	pl,car,3pl
.ьёс|зытэк|гес	pl,car,3pl,comp
.ьёс|зытэк|гем	pl,car,3pl,comp
.ьёс|зытэк	pl,car,3pl
.ьёс|сыя|гес	pl,adv,3pl,comp
.ьёс|сыя|гем	pl,adv,3pl,comp
.ьёс|сыя	pl,adv,3pl
.ьёс|зыя|гес	pl,adv,3pl,comp
.ьёс|зыя|гем	pl,adv,3pl,comp
.ьёс|зыя	pl,adv,3pl
.ьёс|сылань|гес	pl,app,3pl,comp
.ьёс|сылань|гем	pl,app,3pl,comp
.ьёс|сылань	pl,app,3pl
.ьёс|зылань|гес	pl,app,3pl,comp
.ьёс|зылань|гем	pl,app,3pl,comp
.ьёс|зылань	pl,app,3pl
.ьёс|сэс|гес	pl,acc,3pl,comp
.ьёс|сэс|гем	pl,acc,3pl,comp
.ьёс|сэс	pl,acc,3pl
.ьёс|зэс|гес	pl,acc,3pl,comp
.ьёс|зэс|гем	pl,acc,3pl,comp
.ьёс|зэс	pl,acc,3pl
.ьёс|ынызы|гес	pl,ins,3pl,comp
.ьёс|ынызы|гем	pl,ins,3pl,comp
.ьёс|ынызы	pl,ins,3pl
.ьёс|азы|гес	pl,loc,3pl,comp
.ьёс|азы|гем	pl,loc,3pl,comp
.ьёс|азы	pl,loc,3pl
.ьёс|азы|гес	pl,ill,3pl,comp
.ьёс|азы|гем	pl,ill,3pl,comp
.ьёс|азы	pl,ill,3pl
.ьёс|ысьтызы|гес	pl,el,3pl,comp
.ьёс|ысьтызы|гем	pl,el,3pl,comp
.ьёс|ысьтызы	pl,el,3pl
.ьёс|ысенызы|гес	pl,egr,3pl,comp
.ьёс|ысенызы|гем	pl,egr,3pl,comp
.ьёс|ысенызы	pl,egr,3pl
.ьёс|озязы|гес	pl,term,3pl,comp
.ьёс|озязы|гем	pl,term,3pl,comp
.ьёс|озязы	pl,term,3pl
.ьёс|ытӥзы|гес	pl,prol,3pl,comp
.ьёс|ытӥзы|гем	pl,prol,3pl,comp
.ьёс|ытӥзы	pl,prol,3pl
.ьёс|тӥзы|гес	pl,prol,3pl,comp
.ьёс|тӥзы|гем	pl,prol,3pl,comp
.ьёс|тӥзы	pl,prol,3pl
