.е|гес	sg,nom,comp
.е|гем	sg,nom,comp
.е	sg,nom
.ез|гес	sg,acc,comp
.ез|гем	sg,acc,comp
.ез	sg,acc
.ыз|гес	sg,acc,comp
.ыз|гем	sg,acc,comp
.ыз	sg,acc
.лэн|гес	sg,gen,comp
.лэн|гем	sg,gen,comp
.лэн	sg,gen
.лэсь|гес	sg,abl,comp
.лэсь|гем	sg,abl,comp
.лэсь	sg,abl
.лы|гес	sg,dat,comp
.лы|гем	sg,dat,comp
.лы	sg,dat
.ен|гес	sg,ins,comp
.ен|гем	sg,ins,comp
.ен	sg,ins
.тэк|гес	sg,car,comp
.тэк|гем	sg,car,comp
.тэк	sg,car
.яя|гес	sg,adv,comp
.яя|гем	sg,adv,comp
.яя	sg,adv
.ын|гес	sg,loc,comp
.ын|гем	sg,loc,comp
.ын	sg,loc
.е|гес	sg,ill,comp
.е|гем	sg,ill,comp
.е	sg,ill
.ысь|гес	sg,el,comp
.ысь|гем	sg,el,comp
.ысь	sg,el
.ысен|гес	sg,egr,comp
.ысен|гем	sg,egr,comp
.ысен	sg,egr
.ёзь|гес	sg,term,comp
.ёзь|гем	sg,term,comp
.ёзь	sg,term
.етӥ|гес	sg,prol,comp
.етӥ|гем	sg,prol,comp
.етӥ	sg,prol
.ытӥ|гес	sg,prol,comp
.ытӥ|гем	sg,prol,comp
.ытӥ	sg,prol
.тӥ|гес	sg,prol,comp
.тӥ|гем	sg,prol,comp
.тӥ	sg,prol
.лань|гес	sg,app,comp
.лань|гем	sg,app,comp
.лань	sg,app
.э|гес	sg,nom,1sg,comp
.э|гем	sg,nom,1sg,comp
.э	sg,nom,1sg
.ы|гес	sg,nom,1sg,comp
.ы|гем	sg,nom,1sg,comp
.ы	sg,nom,1sg
.e|гес	sg,nom,1sg,comp
.e|гем	sg,nom,1sg,comp
.e	sg,nom,1sg
.ме|гес	sg,acc,1sg,comp
.ме|гем	sg,acc,1sg,comp
.ме	sg,acc,1sg
.элэн|гес	sg,gen,1sg,comp
.элэн|гем	sg,gen,1sg,comp
.элэн	sg,gen,1sg
.ылэн|гес	sg,gen,1sg,comp
.ылэн|гем	sg,gen,1sg,comp
.ылэн	sg,gen,1sg
.елэн|гес	sg,gen,1sg,comp
.елэн|гем	sg,gen,1sg,comp
.елэн	sg,gen,1sg
.элэсь|гес	sg,abl,1sg,comp
.элэсь|гем	sg,abl,1sg,comp
.элэсь	sg,abl,1sg
.ылэсь|гес	sg,abl,1sg,comp
.ылэсь|гем	sg,abl,1sg,comp
.ылэсь	sg,abl,1sg
.елэсь|гес	sg,abl,1sg,comp
.елэсь|гем	sg,abl,1sg,comp
.елэсь	sg,abl,1sg
.элы|гес	sg,dat,1sg,comp
.элы|гем	sg,dat,1sg,comp
.элы	sg,dat,1sg
.ылы|гес	sg,dat,1sg,comp
.ылы|гем	sg,dat,1sg,comp
.ылы	sg,dat,1sg
.елы|гес	sg,dat,1sg,comp
.елы|гем	sg,dat,1sg,comp
.елы	sg,dat,1sg
.этэк|гес	sg,car,1sg,comp
.этэк|гем	sg,car,1sg,comp
.этэк	sg,car,1sg
.ытэк|гес	sg,car,1sg,comp
.ытэк|гем	sg,car,1sg,comp
.ытэк	sg,car,1sg
.етэк|гес	sg,car,1sg,comp
.етэк|гем	sg,car,1sg,comp
.етэк	sg,car,1sg
.эя|гес	sg,adv,1sg,comp
.эя|гем	sg,adv,1sg,comp
.эя	sg,adv,1sg
.ыя|гес	sg,adv,1sg,comp
.ыя|гем	sg,adv,1sg,comp
.ыя	sg,adv,1sg
.ея|гес	sg,adv,1sg,comp
.ея|гем	sg,adv,1sg,comp
.ея	sg,adv,1sg
.элань|гес	sg,app,1sg,comp
.элань|гем	sg,app,1sg,comp
.элань	sg,app,1sg
.ылэнь|гес	sg,app,1sg,comp
.ылэнь|гем	sg,app,1sg,comp
.ылэнь	sg,app,1sg
.елань|гес	sg,app,1sg,comp
.елань|гем	sg,app,1sg,comp
.елань	sg,app,1sg
.эным|гес	sg,ins,1sg,comp
.эным|гем	sg,ins,1sg,comp
.эным	sg,ins,1sg
.ыным|гес	sg,ins,1sg,comp
.ыным|гем	sg,ins,1sg,comp
.ыным	sg,ins,1sg
.еным|гес	sg,ins,1sg,comp
.еным|гем	sg,ins,1sg,comp
.еным	sg,ins,1sg
.ам|гес	sg,loc,1sg,comp
.ам|гем	sg,loc,1sg,comp
.ам	sg,loc,1sg
.ам|гес	sg,ill,1sg,comp
.ам|гем	sg,ill,1sg,comp
.ам	sg,ill,1sg
.ям|гес	sg,loc,1sg,comp
.ям|гем	sg,loc,1sg,comp
.ям	sg,loc,1sg
.ям|гес	sg,ill,1sg,comp
.ям|гем	sg,ill,1sg,comp
.ям	sg,ill,1sg
.ысьтым|гес	sg,el,1sg,comp
.ысьтым|гем	sg,el,1sg,comp
.ысьтым	sg,el,1sg
.ысеным|гес	sg,egr,1sg,comp
.ысеным|гем	sg,egr,1sg,comp
.ысеным	sg,egr,1sg
.озям|гес	sg,term,1sg,comp
.озям|гем	sg,term,1sg,comp
.озям	sg,term,1sg
.этӥм|гес	sg,prol,1sg,comp
.этӥм|гем	sg,prol,1sg,comp
.этӥм	sg,prol,1sg
.ытӥм|гес	sg,prol,1sg,comp
.ытӥм|гем	sg,prol,1sg,comp
.ытӥм	sg,prol,1sg
.тӥм|гес	sg,prol,1sg,comp
.тӥм|гем	sg,prol,1sg,comp
.тӥм	sg,prol,1sg
.етӥм|гес	sg,prol,1sg,comp
.етӥм|гем	sg,prol,1sg,comp
.етӥм	sg,prol,1sg
.эд|гес	sg,nom,2sg,comp
.эд|гем	sg,nom,2sg,comp
.эд	sg,nom,2sg
.ыд|гес	sg,nom,2sg,comp
.ыд|гем	sg,nom,2sg,comp
.ыд	sg,nom,2sg
.ед|гес	sg,nom,2sg,comp
.ед|гем	sg,nom,2sg,comp
.ед	sg,nom,2sg
.эдлэн|гес	sg,gen,2sg,comp
.эдлэн|гем	sg,gen,2sg,comp
.эдлэн	sg,gen,2sg
.ыдлэн|гес	sg,gen,2sg,comp
.ыдлэн|гем	sg,gen,2sg,comp
.ыдлэн	sg,gen,2sg
.едлэн|гес	sg,gen,2sg,comp
.едлэн|гем	sg,gen,2sg,comp
.едлэн	sg,gen,2sg
.эдлэсь|гес	sg,abl,2sg,comp
.эдлэсь|гем	sg,abl,2sg,comp
.эдлэсь	sg,abl,2sg
.ыдлэсь|гес	sg,abl,2sg,comp
.ыдлэсь|гем	sg,abl,2sg,comp
.ыдлэсь	sg,abl,2sg
.едлэсь|гес	sg,abl,2sg,comp
.едлэсь|гем	sg,abl,2sg,comp
.едлэсь	sg,abl,2sg
.эдлы|гес	sg,dat,2sg,comp
.эдлы|гем	sg,dat,2sg,comp
.эдлы	sg,dat,2sg
.ыдлы|гес	sg,dat,2sg,comp
.ыдлы|гем	sg,dat,2sg,comp
.ыдлы	sg,dat,2sg
.едлы|гес	sg,dat,2sg,comp
.едлы|гем	sg,dat,2sg,comp
.едлы	sg,dat,2sg
.эдтэк|гес	sg,car,2sg,comp
.эдтэк|гем	sg,car,2sg,comp
.эдтэк	sg,car,2sg
.ыдтэк|гес	sg,car,2sg,comp
.ыдтэк|гем	sg,car,2sg,comp
.ыдтэк	sg,car,2sg
.едтэк|гес	sg,car,2sg,comp
.едтэк|гем	sg,car,2sg,comp
.едтэк	sg,car,2sg
.эдъя|гес	sg,adv,2sg,comp
.эдъя|гем	sg,adv,2sg,comp
.эдъя	sg,adv,2sg
.ыдъя|гес	sg,adv,2sg,comp
.ыдъя|гем	sg,adv,2sg,comp
.ыдъя	sg,adv,2sg
.едъя|гес	sg,adv,2sg,comp
.едъя|гем	sg,adv,2sg,comp
.едъя	sg,adv,2sg
.эдлань|гес	sg,app,2sg,comp
.эдлань|гем	sg,app,2sg,comp
.эдлань	sg,app,2sg
.ыдлань|гес	sg,app,2sg,comp
.ыдлань|гем	sg,app,2sg,comp
.ыдлань	sg,app,2sg
.едлань|гес	sg,app,2sg,comp
.едлань|гем	sg,app,2sg,comp
.едлань	sg,app,2sg
.дэ|гес	sg,acc,2sg,comp
.дэ|гем	sg,acc,2sg,comp
.дэ	sg,acc,2sg
.тэ|гес	sg,acc,2sg,comp
.тэ|гем	sg,acc,2sg,comp
.тэ	sg,acc,2sg
.эныд|гес	sg,ins,2sg,comp
.эныд|гем	sg,ins,2sg,comp
.эныд	sg,ins,2sg
.ыныд|гес	sg,ins,2sg,comp
.ыныд|гем	sg,ins,2sg,comp
.ыныд	sg,ins,2sg
.еныд|гес	sg,ins,2sg,comp
.еныд|гем	sg,ins,2sg,comp
.еныд	sg,ins,2sg
.ад|гес	sg,loc,2sg,comp
.ад|гем	sg,loc,2sg,comp
.ад	sg,loc,2sg
.ад|гес	sg,ill,2sg,comp
.ад|гем	sg,ill,2sg,comp
.ад	sg,ill,2sg
.яд|гес	sg,loc,2sg,comp
.яд|гем	sg,loc,2sg,comp
.яд	sg,loc,2sg
.яд|гес	sg,ill,2sg,comp
.яд|гем	sg,ill,2sg,comp
.яд	sg,ill,2sg
.ысьтыд|гес	sg,el,2sg,comp
.ысьтыд|гем	sg,el,2sg,comp
.ысьтыд	sg,el,2sg
.ысеныд|гес	sg,egr,2sg,comp
.ысеныд|гем	sg,egr,2sg,comp
.ысеныд	sg,egr,2sg
.озяд|гес	sg,term,2sg,comp
.озяд|гем	sg,term,2sg,comp
.озяд	sg,term,2sg
.этӥд|гес	sg,prol,2sg,comp
.этӥд|гем	sg,prol,2sg,comp
.этӥд	sg,prol,2sg
.ытӥд|гес	sg,prol,2sg,comp
.ытӥд|гем	sg,prol,2sg,comp
.ытӥд	sg,prol,2sg
.тӥд|гес	sg,prol,2sg,comp
.тӥд|гем	sg,prol,2sg,comp
.тӥд	sg,prol,2sg
.етӥд|гес	sg,prol,2sg,comp
.етӥд|гем	sg,prol,2sg,comp
.етӥд	sg,prol,2sg
.эз|гес	sg,nom,3sg,comp
.эз|гем	sg,nom,3sg,comp
.эз	sg,nom,3sg
.ыз|гес	sg,nom,3sg,comp
.ыз|гем	sg,nom,3sg,comp
.ыз	sg,nom,3sg
.ез|гес	sg,nom,3sg,comp
.ез|гем	sg,nom,3sg,comp
.ез	sg,nom,3sg
.эзлэн|гес	sg,gen,3sg,comp
.эзлэн|гем	sg,gen,3sg,comp
.эзлэн	sg,gen,3sg
.ызлэн|гес	sg,gen,3sg,comp
.ызлэн|гем	sg,gen,3sg,comp
.ызлэн	sg,gen,3sg
.езлэн|гес	sg,gen,3sg,comp
.езлэн|гем	sg,gen,3sg,comp
.езлэн	sg,gen,3sg
.эзлэсь|гес	sg,abl,3sg,comp
.эзлэсь|гем	sg,abl,3sg,comp
.эзлэсь	sg,abl,3sg
.ызлэсь|гес	sg,abl,3sg,comp
.ызлэсь|гем	sg,abl,3sg,comp
.ызлэсь	sg,abl,3sg
.езлэсь|гес	sg,abl,3sg,comp
.езлэсь|гем	sg,abl,3sg,comp
.езлэсь	sg,abl,3sg
.эзлы|гес	sg,dat,3sg,comp
.эзлы|гем	sg,dat,3sg,comp
.эзлы	sg,dat,3sg
.ызлы|гес	sg,dat,3sg,comp
.ызлы|гем	sg,dat,3sg,comp
.ызлы	sg,dat,3sg
.езлы|гес	sg,dat,3sg,comp
.езлы|гем	sg,dat,3sg,comp
.езлы	sg,dat,3sg
.эзтэк|гес	sg,car,3sg,comp
.эзтэк|гем	sg,car,3sg,comp
.эзтэк	sg,car,3sg
.ызтэк|гес	sg,car,3sg,comp
.ызтэк|гем	sg,car,3sg,comp
.ызтэк	sg,car,3sg
.езтэк|гес	sg,car,3sg,comp
.езтэк|гем	sg,car,3sg,comp
.езтэк	sg,car,3sg
.эзъя|гес	sg,adv,3sg,comp
.эзъя|гем	sg,adv,3sg,comp
.эзъя	sg,adv,3sg
.ызъя|гес	sg,adv,3sg,comp
.ызъя|гем	sg,adv,3sg,comp
.ызъя	sg,adv,3sg
.езъя|гес	sg,adv,3sg,comp
.езъя|гем	sg,adv,3sg,comp
.езъя	sg,adv,3sg
.эзлань|гес	sg,app,3sg,comp
.эзлань|гем	sg,app,3sg,comp
.эзлань	sg,app,3sg
.ызлань|гес	sg,app,3sg,comp
.ызлань|гем	sg,app,3sg,comp
.ызлань	sg,app,3sg
.езлань|гес	sg,app,3sg,comp
.езлань|гем	sg,app,3sg,comp
.езлань	sg,app,3sg
.зэ|гес	sg,acc,3sg,comp
.зэ|гем	sg,acc,3sg,comp
.зэ	sg,acc,3sg
.сэ|гес	sg,acc,3sg,comp
.сэ|гем	sg,acc,3sg,comp
.сэ	sg,acc,3sg
.эныз|гес	sg,ins,3sg,comp
.эныз|гем	sg,ins,3sg,comp
.эныз	sg,ins,3sg
.ыныз|гес	sg,ins,3sg,comp
.ыныз|гем	sg,ins,3sg,comp
.ыныз	sg,ins,3sg
.еныз|гес	sg,ins,3sg,comp
.еныз|гем	sg,ins,3sg,comp
.еныз	sg,ins,3sg
.аз|гес	sg,loc,3sg,comp
.аз|гем	sg,loc,3sg,comp
.аз	sg,loc,3sg
.аз|гес	sg,ill,3sg,comp
.аз|гем	sg,ill,3sg,comp
.аз	sg,ill,3sg
.яз|гес	sg,loc,3sg,comp
.яз|гем	sg,loc,3sg,comp
.яз	sg,loc,3sg
.яз|гес	sg,ill,3sg,comp
.яз|гем	sg,ill,3sg,comp
.яз	sg,ill,3sg
.ысьтыз|гес	sg,el,3sg,comp
.ысьтыз|гем	sg,el,3sg,comp
.ысьтыз	sg,el,3sg
.ысеныз|гес	sg,egr,3sg,comp
.ысеныз|гем	sg,egr,3sg,comp
.ысеныз	sg,egr,3sg
.озяз|гес	sg,term,3sg,comp
.озяз|гем	sg,term,3sg,comp
.озяз	sg,term,3sg
.этӥз|гес	sg,prol,3sg,comp
.этӥз|гем	sg,prol,3sg,comp
.этӥз	sg,prol,3sg
.ытӥз|гес	sg,prol,3sg,comp
.ытӥз|гем	sg,prol,3sg,comp
.ытӥз	sg,prol,3sg
.тӥз|гес	sg,prol,3sg,comp
.тӥз|гем	sg,prol,3sg,comp
.тӥз	sg,prol,3sg
.етӥз|гес	sg,prol,3sg,comp
.етӥз|гем	sg,prol,3sg,comp
.етӥз	sg,prol,3sg
.мы|гес	sg,nom,1pl,comp
.мы|гем	sg,nom,1pl,comp
.мы	sg,nom,1pl
.мылэн|гес	sg,gen,1pl,comp
.мылэн|гем	sg,gen,1pl,comp
.мылэн	sg,gen,1pl
.мылэсь|гес	sg,abl,1pl,comp
.мылэсь|гем	sg,abl,1pl,comp
.мылэсь	sg,abl,1pl
.мылы|гес	sg,dat,1pl,comp
.мылы|гем	sg,dat,1pl,comp
.мылы	sg,dat,1pl
.мытэк|гес	sg,car,1pl,comp
.мытэк|гем	sg,car,1pl,comp
.мытэк	sg,car,1pl
.мыя|гес	sg,adv,1pl,comp
.мыя|гем	sg,adv,1pl,comp
.мыя	sg,adv,1pl
.мылань|гес	sg,app,1pl,comp
.мылань|гем	sg,app,1pl,comp
.мылань	sg,app,1pl
.мес|гес	sg,acc,1pl,comp
.мес|гем	sg,acc,1pl,comp
.мес	sg,acc,1pl
.ынымы|гес	sg,ins,1pl,comp
.ынымы|гем	sg,ins,1pl,comp
.ынымы	sg,ins,1pl
.амы|гес	sg,loc,1pl,comp
.амы|гем	sg,loc,1pl,comp
.амы	sg,loc,1pl
.амы|гес	sg,ill,1pl,comp
.амы|гем	sg,ill,1pl,comp
.амы	sg,ill,1pl
.ямы|гес	sg,loc,1pl,comp
.ямы|гем	sg,loc,1pl,comp
.ямы	sg,loc,1pl
.ямы|гес	sg,ill,1pl,comp
.ямы|гем	sg,ill,1pl,comp
.ямы	sg,ill,1pl
.ысьтымы|гес	sg,el,1pl,comp
.ысьтымы|гем	sg,el,1pl,comp
.ысьтымы	sg,el,1pl
.ысенымы|гес	sg,egr,1pl,comp
.ысенымы|гем	sg,egr,1pl,comp
.ысенымы	sg,egr,1pl
.озямы|гес	sg,term,1pl,comp
.озямы|гем	sg,term,1pl,comp
.озямы	sg,term,1pl
.ытӥмы|гес	sg,prol,1pl,comp
.ытӥмы|гем	sg,prol,1pl,comp
.ытӥмы	sg,prol,1pl
.тӥмы|гес	sg,prol,1pl,comp
.тӥмы|гем	sg,prol,1pl,comp
.тӥмы	sg,prol,1pl
.ты|гес	sg,nom,2pl,comp
.ты|гем	sg,nom,2pl,comp
.ты	sg,nom,2pl
.ды|гес	sg,nom,2pl,comp
.ды|гем	sg,nom,2pl,comp
.ды	sg,nom,2pl
.тылэн|гес	sg,gen,2pl,comp
.тылэн|гем	sg,gen,2pl,comp
.тылэн	sg,gen,2pl
.дылэн|гес	sg,gen,2pl,comp
.дылэн|гем	sg,gen,2pl,comp
.дылэн	sg,gen,2pl
.тылэсь|гес	sg,abl,2pl,comp
.тылэсь|гем	sg,abl,2pl,comp
.тылэсь	sg,abl,2pl
.дылэсь|гес	sg,abl,2pl,comp
.дылэсь|гем	sg,abl,2pl,comp
.дылэсь	sg,abl,2pl
.тылы|гес	sg,dat,2pl,comp
.тылы|гем	sg,dat,2pl,comp
.тылы	sg,dat,2pl
.дылы|гес	sg,dat,2pl,comp
.дылы|гем	sg,dat,2pl,comp
.дылы	sg,dat,2pl
.тытэк|гес	sg,car,2pl,comp
.тытэк|гем	sg,car,2pl,comp
.тытэк	sg,car,2pl
.дытэк|гес	sg,car,2pl,comp
.дытэк|гем	sg,car,2pl,comp
.дытэк	sg,car,2pl
.тыя|гес	sg,adv,2pl,comp
.тыя|гем	sg,adv,2pl,comp
.тыя	sg,adv,2pl
.дыя|гес	sg,adv,2pl,comp
.дыя|гем	sg,adv,2pl,comp
.дыя	sg,adv,2pl
.тылань|гес	sg,app,2pl,comp
.тылань|гем	sg,app,2pl,comp
.тылань	sg,app,2pl
.дылань|гес	sg,app,2pl,comp
.дылань|гем	sg,app,2pl,comp
.дылань	sg,app,2pl
.тэс|гес	sg,acc,2pl,comp
.тэс|гем	sg,acc,2pl,comp
.тэс	sg,acc,2pl
.дэс|гес	sg,acc,2pl,comp
.дэс|гем	sg,acc,2pl,comp
.дэс	sg,acc,2pl
.ыныды|гес	sg,ins,2pl,comp
.ыныды|гем	sg,ins,2pl,comp
.ыныды	sg,ins,2pl
.ады|гес	sg,loc,2pl,comp
.ады|гем	sg,loc,2pl,comp
.ады	sg,loc,2pl
.ады|гес	sg,ill,2pl,comp
.ады|гем	sg,ill,2pl,comp
.ады	sg,ill,2pl
.яды|гес	sg,loc,2pl,comp
.яды|гем	sg,loc,2pl,comp
.яды	sg,loc,2pl
.яды|гес	sg,ill,2pl,comp
.яды|гем	sg,ill,2pl,comp
.яды	sg,ill,2pl
.ысьтыды|гес	sg,el,2pl,comp
.ысьтыды|гем	sg,el,2pl,comp
.ысьтыды	sg,el,2pl
.ысеныды|гес	sg,egr,2pl,comp
.ысеныды|гем	sg,egr,2pl,comp
.ысеныды	sg,egr,2pl
.озяды|гес	sg,term,2pl,comp
.озяды|гем	sg,term,2pl,comp
.озяды	sg,term,2pl
.ытӥды|гес	sg,prol,2pl,comp
.ытӥды|гем	sg,prol,2pl,comp
.ытӥды	sg,prol,2pl
.тӥды|гес	sg,prol,2pl,comp
.тӥды|гем	sg,prol,2pl,comp
.тӥды	sg,prol,2pl
.сы|гес	sg,nom,3pl,comp
.сы|гем	sg,nom,3pl,comp
.сы	sg,nom,3pl
.зы|гес	sg,nom,3pl,comp
.зы|гем	sg,nom,3pl,comp
.зы	sg,nom,3pl
.сылэн|гес	sg,gen,3pl,comp
.сылэн|гем	sg,gen,3pl,comp
.сылэн	sg,gen,3pl
.зылэн|гес	sg,gen,3pl,comp
.зылэн|гем	sg,gen,3pl,comp
.зылэн	sg,gen,3pl
.сылэсь|гес	sg,abl,3pl,comp
.сылэсь|гем	sg,abl,3pl,comp
.сылэсь	sg,abl,3pl
.зылэсь|гес	sg,abl,3pl,comp
.зылэсь|гем	sg,abl,3pl,comp
.зылэсь	sg,abl,3pl
.сылы|гес	sg,dat,3pl,comp
.сылы|гем	sg,dat,3pl,comp
.сылы	sg,dat,3pl
.зылы|гес	sg,dat,3pl,comp
.зылы|гем	sg,dat,3pl,comp
.зылы	sg,dat,3pl
.сытэк|гес	sg,car,3pl,comp
.сытэк|гем	sg,car,3pl,comp
.сытэк	sg,car,3pl
.зытэк|гес	sg,car,3pl,comp
.зытэк|гем	sg,car,3pl,comp
.зытэк	sg,car,3pl
.сыя|гес	sg,adv,3pl,comp
.сыя|гем	sg,adv,3pl,comp
.сыя	sg,adv,3pl
.зыя|гес	sg,adv,3pl,comp
.зыя|гем	sg,adv,3pl,comp
.зыя	sg,adv,3pl
.сылань|гес	sg,app,3pl,comp
.сылань|гем	sg,app,3pl,comp
.сылань	sg,app,3pl
.зылань|гес	sg,app,3pl,comp
.зылань|гем	sg,app,3pl,comp
.зылань	sg,app,3pl
.сэс|гес	sg,acc,3pl,comp
.сэс|гем	sg,acc,3pl,comp
.сэс	sg,acc,3pl
.зэс|гес	sg,acc,3pl,comp
.зэс|гем	sg,acc,3pl,comp
.зэс	sg,acc,3pl
.ынызы|гес	sg,ins,3pl,comp
.ынызы|гем	sg,ins,3pl,comp
.ынызы	sg,ins,3pl
.азы|гес	sg,loc,3pl,comp
.азы|гем	sg,loc,3pl,comp
.азы	sg,loc,3pl
.азы|гес	sg,ill,3pl,comp
.азы|гем	sg,ill,3pl,comp
.азы	sg,ill,3pl
.язы|гес	sg,loc,3pl,comp
.язы|гем	sg,loc,3pl,comp
.язы	sg,loc,3pl
.язы|гес	sg,ill,3pl,comp
.язы|гем	sg,ill,3pl,comp
.язы	sg,ill,3pl
.ысьтызы|гес	sg,el,3pl,comp
.ысьтызы|гем	sg,el,3pl,comp
.ысьтызы	sg,el,3pl
.ысенызы|гес	sg,egr,3pl,comp
.ысенызы|гем	sg,egr,3pl,comp
.ысенызы	sg,egr,3pl
.озязы|гес	sg,term,3pl,comp
.озязы|гем	sg,term,3pl,comp
.озязы	sg,term,3pl
.ытӥзы|гес	sg,prol,3pl,comp
.ытӥзы|гем	sg,prol,3pl,comp
.ытӥзы	sg,prol,3pl
.тӥзы|гес	sg,prol,3pl,comp
.тӥзы|гем	sg,prol,3pl,comp
.тӥзы	sg,prol,3pl
.ос|гес	pl,nom,comp
.ос|гем	pl,nom,comp
.ос	pl,nom
.ос|эз|гес	pl,acc,comp
.ос|эз|гем	pl,acc,comp
.ос|эз	pl,acc
.ос|ыз|гес	pl,acc,comp
.ос|ыз|гем	pl,acc,comp
.ос|ыз	pl,acc
.ос|лэн|гес	pl,gen,comp
.ос|лэн|гем	pl,gen,comp
.ос|лэн	pl,gen
.ос|лэсь|гес	pl,abl,comp
.ос|лэсь|гем	pl,abl,comp
.ос|лэсь	pl,abl
.ос|лы|гес	pl,dat,comp
.ос|лы|гем	pl,dat,comp
.ос|лы	pl,dat
.ос|эн|гес	pl,ins,comp
.ос|эн|гем	pl,ins,comp
.ос|эн	pl,ins
.ос|ын|гес	pl,ins,comp
.ос|ын|гем	pl,ins,comp
.ос|ын	pl,ins
.ос|тэк|гес	pl,car,comp
.ос|тэк|гем	pl,car,comp
.ос|тэк	pl,car
.ос|я|гес	pl,adv,comp
.ос|я|гем	pl,adv,comp
.ос|я	pl,adv
.ос|ъя|гес	pl,adv,comp
.ос|ъя|гем	pl,adv,comp
.ос|ъя	pl,adv
.ос|ын|гес	pl,loc,comp
.ос|ын|гем	pl,loc,comp
.ос|ын	pl,loc
.ос|э|гес	pl,ill,comp
.ос|э|гем	pl,ill,comp
.ос|э	pl,ill
.ос|ы|гес	pl,ill,comp
.ос|ы|гем	pl,ill,comp
.ос|ы	pl,ill
.ос|ысь|гес	pl,el,comp
.ос|ысь|гем	pl,el,comp
.ос|ысь	pl,el
.ос|ысен|гес	pl,egr,comp
.ос|ысен|гем	pl,egr,comp
.ос|ысен	pl,egr
.ос|озь|гес	pl,term,comp
.ос|озь|гем	pl,term,comp
.ос|озь	pl,term
.ос|этӥ|гес	pl,prol,comp
.ос|этӥ|гем	pl,prol,comp
.ос|этӥ	pl,prol
.ос|ытӥ|гес	pl,prol,comp
.ос|ытӥ|гем	pl,prol,comp
.ос|ытӥ	pl,prol
.ос|тӥ|гес	pl,prol,comp
.ос|тӥ|гем	pl,prol,comp
.ос|тӥ	pl,prol
.ос|лань|гес	pl,app,comp
.ос|лань|гем	pl,app,comp
.ос|лань	pl,app
.ос|э|гес	pl,nom,1sg,comp
.ос|э|гем	pl,nom,1sg,comp
.ос|э	pl,nom,1sg
.ос|ы|гес	pl,nom,1sg,comp
.ос|ы|гем	pl,nom,1sg,comp
.ос|ы	pl,nom,1sg
.ос|ме|гес	pl,acc,1sg,comp
.ос|ме|гем	pl,acc,1sg,comp
.ос|ме	pl,acc,1sg
.ос|элэн|гес	pl,gen,1sg,comp
.ос|элэн|гем	pl,gen,1sg,comp
.ос|элэн	pl,gen,1sg
.ос|ылэн|гес	pl,gen,1sg,comp
.ос|ылэн|гем	pl,gen,1sg,comp
.ос|ылэн	pl,gen,1sg
.ос|элэсь|гес	pl,abl,1sg,comp
.ос|элэсь|гем	pl,abl,1sg,comp
.ос|элэсь	pl,abl,1sg
.ос|ылэсь|гес	pl,abl,1sg,comp
.ос|ылэсь|гем	pl,abl,1sg,comp
.ос|ылэсь	pl,abl,1sg
.ос|элы|гес	pl,dat,1sg,comp
.ос|элы|гем	pl,dat,1sg,comp
.ос|элы	pl,dat,1sg
.ос|ылы|гес	pl,dat,1sg,comp
.ос|ылы|гем	pl,dat,1sg,comp
.ос|ылы	pl,dat,1sg
.ос|этэк|гес	pl,car,1sg,comp
.ос|этэк|гем	pl,car,1sg,comp
.ос|этэк	pl,car,1sg
.ос|ытэк|гес	pl,car,1sg,comp
.ос|ытэк|гем	pl,car,1sg,comp
.ос|ытэк	pl,car,1sg
.ос|эя|гес	pl,adv,1sg,comp
.ос|эя|гем	pl,adv,1sg,comp
.ос|эя	pl,adv,1sg
.ос|ыя|гес	pl,adv,1sg,comp
.ос|ыя|гем	pl,adv,1sg,comp
.ос|ыя	pl,adv,1sg
.ос|элань|гес	pl,app,1sg,comp
.ос|элань|гем	pl,app,1sg,comp
.ос|элань	pl,app,1sg
.ос|ылэнь|гес	pl,app,1sg,comp
.ос|ылэнь|гем	pl,app,1sg,comp
.ос|ылэнь	pl,app,1sg
.ос|эным|гес	pl,ins,1sg,comp
.ос|эным|гем	pl,ins,1sg,comp
.ос|эным	pl,ins,1sg
.ос|ыным|гес	pl,ins,1sg,comp
.ос|ыным|гем	pl,ins,1sg,comp
.ос|ыным	pl,ins,1sg
.ос|ам|гес	pl,loc,1sg,comp
.ос|ам|гем	pl,loc,1sg,comp
.ос|ам	pl,loc,1sg
.ос|ам|гес	pl,ill,1sg,comp
.ос|ам|гем	pl,ill,1sg,comp
.ос|ам	pl,ill,1sg
.ос|ысьтым|гес	pl,el,1sg,comp
.ос|ысьтым|гем	pl,el,1sg,comp
.ос|ысьтым	pl,el,1sg
.ос|ысеным|гес	pl,egr,1sg,comp
.ос|ысеным|гем	pl,egr,1sg,comp
.ос|ысеным	pl,egr,1sg
.ос|озям|гес	pl,term,1sg,comp
.ос|озям|гем	pl,term,1sg,comp
.ос|озям	pl,term,1sg
.ос|этӥм|гес	pl,prol,1sg,comp
.ос|этӥм|гем	pl,prol,1sg,comp
.ос|этӥм	pl,prol,1sg
.ос|ытӥм|гес	pl,prol,1sg,comp
.ос|ытӥм|гем	pl,prol,1sg,comp
.ос|ытӥм	pl,prol,1sg
.ос|тӥм|гес	pl,prol,1sg,comp
.ос|тӥм|гем	pl,prol,1sg,comp
.ос|тӥм	pl,prol,1sg
.ос|эд|гес	pl,nom,2sg,comp
.ос|эд|гем	pl,nom,2sg,comp
.ос|эд	pl,nom,2sg
.ос|ыд|гес	pl,nom,2sg,comp
.ос|ыд|гем	pl,nom,2sg,comp
.ос|ыд	pl,nom,2sg
.ос|эдлэн|гес	pl,gen,2sg,comp
.ос|эдлэн|гем	pl,gen,2sg,comp
.ос|эдлэн	pl,gen,2sg
.ос|ыдлэн|гес	pl,gen,2sg,comp
.ос|ыдлэн|гем	pl,gen,2sg,comp
.ос|ыдлэн	pl,gen,2sg
.ос|эдлэсь|гес	pl,abl,2sg,comp
.ос|эдлэсь|гем	pl,abl,2sg,comp
.ос|эдлэсь	pl,abl,2sg
.ос|ыдлэсь|гес	pl,abl,2sg,comp
.ос|ыдлэсь|гем	pl,abl,2sg,comp
.ос|ыдлэсь	pl,abl,2sg
.ос|эдлы|гес	pl,dat,2sg,comp
.ос|эдлы|гем	pl,dat,2sg,comp
.ос|эдлы	pl,dat,2sg
.ос|ыдлы|гес	pl,dat,2sg,comp
.ос|ыдлы|гем	pl,dat,2sg,comp
.ос|ыдлы	pl,dat,2sg
.ос|эдтэк|гес	pl,car,2sg,comp
.ос|эдтэк|гем	pl,car,2sg,comp
.ос|эдтэк	pl,car,2sg
.ос|ыдтэк|гес	pl,car,2sg,comp
.ос|ыдтэк|гем	pl,car,2sg,comp
.ос|ыдтэк	pl,car,2sg
.ос|эдъя|гес	pl,adv,2sg,comp
.ос|эдъя|гем	pl,adv,2sg,comp
.ос|эдъя	pl,adv,2sg
.ос|ыдъя|гес	pl,adv,2sg,comp
.ос|ыдъя|гем	pl,adv,2sg,comp
.ос|ыдъя	pl,adv,2sg
.ос|эдлань|гес	pl,app,2sg,comp
.ос|эдлань|гем	pl,app,2sg,comp
.ос|эдлань	pl,app,2sg
.ос|ыдлань|гес	pl,app,2sg,comp
.ос|ыдлань|гем	pl,app,2sg,comp
.ос|ыдлань	pl,app,2sg
.ос|дэ|гес	pl,acc,2sg,comp
.ос|дэ|гем	pl,acc,2sg,comp
.ос|дэ	pl,acc,2sg
.ос|тэ|гес	pl,acc,2sg,comp
.ос|тэ|гем	pl,acc,2sg,comp
.ос|тэ	pl,acc,2sg
.ос|эныд|гес	pl,ins,2sg,comp
.ос|эныд|гем	pl,ins,2sg,comp
.ос|эныд	pl,ins,2sg
.ос|ыныд|гес	pl,ins,2sg,comp
.ос|ыныд|гем	pl,ins,2sg,comp
.ос|ыныд	pl,ins,2sg
.ос|ад|гес	pl,loc,2sg,comp
.ос|ад|гем	pl,loc,2sg,comp
.ос|ад	pl,loc,2sg
.ос|ад|гес	pl,ill,2sg,comp
.ос|ад|гем	pl,ill,2sg,comp
.ос|ад	pl,ill,2sg
.ос|ысьтыд|гес	pl,el,2sg,comp
.ос|ысьтыд|гем	pl,el,2sg,comp
.ос|ысьтыд	pl,el,2sg
.ос|ысеныд|гес	pl,egr,2sg,comp
.ос|ысеныд|гем	pl,egr,2sg,comp
.ос|ысеныд	pl,egr,2sg
.ос|озяд|гес	pl,term,2sg,comp
.ос|озяд|гем	pl,term,2sg,comp
.ос|озяд	pl,term,2sg
.ос|этӥд|гес	pl,prol,2sg,comp
.ос|этӥд|гем	pl,prol,2sg,comp
.ос|этӥд	pl,prol,2sg
.ос|ытӥд|гес	pl,prol,2sg,comp
.ос|ытӥд|гем	pl,prol,2sg,comp
.ос|ытӥд	pl,prol,2sg
.ос|тӥд|гес	pl,prol,2sg,comp
.ос|тӥд|гем	pl,prol,2sg,comp
.ос|тӥд	pl,prol,2sg
.ос|эз|гес	pl,nom,3sg,comp
.ос|эз|гем	pl,nom,3sg,comp
.ос|эз	pl,nom,3sg
.ос|ыз|гес	pl,nom,3sg,comp
.ос|ыз|гем	pl,nom,3sg,comp
.ос|ыз	pl,nom,3sg
.ос|эзлэн|гес	pl,gen,3sg,comp
.ос|эзлэн|гем	pl,gen,3sg,comp
.ос|эзлэн	pl,gen,3sg
.ос|ызлэн|гес	pl,gen,3sg,comp
.ос|ызлэн|гем	pl,gen,3sg,comp
.ос|ызлэн	pl,gen,3sg
.ос|эзлэсь|гес	pl,abl,3sg,comp
.ос|эзлэсь|гем	pl,abl,3sg,comp
.ос|эзлэсь	pl,abl,3sg
.ос|ызлэсь|гес	pl,abl,3sg,comp
.ос|ызлэсь|гем	pl,abl,3sg,comp
.ос|ызлэсь	pl,abl,3sg
.ос|эзлы|гес	pl,dat,3sg,comp
.ос|эзлы|гем	pl,dat,3sg,comp
.ос|эзлы	pl,dat,3sg
.ос|ызлы|гес	pl,dat,3sg,comp
.ос|ызлы|гем	pl,dat,3sg,comp
.ос|ызлы	pl,dat,3sg
.ос|эзтэк|гес	pl,car,3sg,comp
.ос|эзтэк|гем	pl,car,3sg,comp
.ос|эзтэк	pl,car,3sg
.ос|ызтэк|гес	pl,car,3sg,comp
.ос|ызтэк|гем	pl,car,3sg,comp
.ос|ызтэк	pl,car,3sg
.ос|эзъя|гес	pl,adv,3sg,comp
.ос|эзъя|гем	pl,adv,3sg,comp
.ос|эзъя	pl,adv,3sg
.ос|ызъя|гес	pl,adv,3sg,comp
.ос|ызъя|гем	pl,adv,3sg,comp
.ос|ызъя	pl,adv,3sg
.ос|эзлань|гес	pl,app,3sg,comp
.ос|эзлань|гем	pl,app,3sg,comp
.ос|эзлань	pl,app,3sg
.ос|ызлань|гес	pl,app,3sg,comp
.ос|ызлань|гем	pl,app,3sg,comp
.ос|ызлань	pl,app,3sg
.ос|зэ|гес	pl,acc,3sg,comp
.ос|зэ|гем	pl,acc,3sg,comp
.ос|зэ	pl,acc,3sg
.ос|сэ|гес	pl,acc,3sg,comp
.ос|сэ|гем	pl,acc,3sg,comp
.ос|сэ	pl,acc,3sg
.ос|эныз|гес	pl,ins,3sg,comp
.ос|эныз|гем	pl,ins,3sg,comp
.ос|эныз	pl,ins,3sg
.ос|ыныз|гес	pl,ins,3sg,comp
.ос|ыныз|гем	pl,ins,3sg,comp
.ос|ыныз	pl,ins,3sg
.ос|аз|гес	pl,loc,3sg,comp
.ос|аз|гем	pl,loc,3sg,comp
.ос|аз	pl,loc,3sg
.ос|аз|гес	pl,ill,3sg,comp
.ос|аз|гем	pl,ill,3sg,comp
.ос|аз	pl,ill,3sg
.ос|ысьтыз|гес	pl,el,3sg,comp
.ос|ысьтыз|гем	pl,el,3sg,comp
.ос|ысьтыз	pl,el,3sg
.ос|ысеныз|гес	pl,egr,3sg,comp
.ос|ысеныз|гем	pl,egr,3sg,comp
.ос|ысеныз	pl,egr,3sg
.ос|озяз|гес	pl,term,3sg,comp
.ос|озяз|гем	pl,term,3sg,comp
.ос|озяз	pl,term,3sg
.ос|этӥз|гес	pl,prol,3sg,comp
.ос|этӥз|гем	pl,prol,3sg,comp
.ос|этӥз	pl,prol,3sg
.ос|ытӥз|гес	pl,prol,3sg,comp
.ос|ытӥз|гем	pl,prol,3sg,comp
.ос|ытӥз	pl,prol,3sg
.ос|тӥз|гес	pl,prol,3sg,comp
.ос|тӥз|гем	pl,prol,3sg,comp
.ос|тӥз	pl,prol,3sg
.ос|мы|гес	pl,nom,1pl,comp
.ос|мы|гем	pl,nom,1pl,comp
.ос|мы	pl,nom,1pl
.ос|мылэн|гес	pl,gen,1pl,comp
.ос|мылэн|гем	pl,gen,1pl,comp
.ос|мылэн	pl,gen,1pl
.ос|мылэсь|гес	pl,abl,1pl,comp
.ос|мылэсь|гем	pl,abl,1pl,comp
.ос|мылэсь	pl,abl,1pl
.ос|мылы|гес	pl,dat,1pl,comp
.ос|мылы|гем	pl,dat,1pl,comp
.ос|мылы	pl,dat,1pl
.ос|мытэк|гес	pl,car,1pl,comp
.ос|мытэк|гем	pl,car,1pl,comp
.ос|мытэк	pl,car,1pl
.ос|мыя|гес	pl,adv,1pl,comp
.ос|мыя|гем	pl,adv,1pl,comp
.ос|мыя	pl,adv,1pl
.ос|мылань|гес	pl,app,1pl,comp
.ос|мылань|гем	pl,app,1pl,comp
.ос|мылань	pl,app,1pl
.ос|мес|гес	pl,acc,1pl,comp
.ос|мес|гем	pl,acc,1pl,comp
.ос|мес	pl,acc,1pl
.ос|ынымы|гес	pl,ins,1pl,comp
.ос|ынымы|гем	pl,ins,1pl,comp
.ос|ынымы	pl,ins,1pl
.ос|амы|гес	pl,loc,1pl,comp
.ос|амы|гем	pl,loc,1pl,comp
.ос|амы	pl,loc,1pl
.ос|амы|гес	pl,ill,1pl,comp
.ос|амы|гем	pl,ill,1pl,comp
.ос|амы	pl,ill,1pl
.ос|ысьтымы|гес	pl,el,1pl,comp
.ос|ысьтымы|гем	pl,el,1pl,comp
.ос|ысьтымы	pl,el,1pl
.ос|ысенымы|гес	pl,egr,1pl,comp
.ос|ысенымы|гем	pl,egr,1pl,comp
.ос|ысенымы	pl,egr,1pl
.ос|озямы|гес	pl,term,1pl,comp
.ос|озямы|гем	pl,term,1pl,comp
.ос|озямы	pl,term,1pl
.ос|ытӥмы|гес	pl,prol,1pl,comp
.ос|ытӥмы|гем	pl,prol,1pl,comp
.ос|ытӥмы	pl,prol,1pl
.ос|тӥмы|гес	pl,prol,1pl,comp
.ос|тӥмы|гем	pl,prol,1pl,comp
.ос|тӥмы	pl,prol,1pl
.ос|ты|гес	pl,nom,2pl,comp
.ос|ты|гем	pl,nom,2pl,comp
.ос|ты	pl,nom,2pl
.ос|ды|гес	pl,nom,2pl,comp
.ос|ды|гем	pl,nom,2pl,comp
.ос|ды	pl,nom,2pl
.ос|тылэн|гес	pl,gen,2pl,comp
.ос|тылэн|гем	pl,gen,2pl,comp
.ос|тылэн	pl,gen,2pl
.ос|дылэн|гес	pl,gen,2pl,comp
.ос|дылэн|гем	pl,gen,2pl,comp
.ос|дылэн	pl,gen,2pl
.ос|тылэсь|гес	pl,abl,2pl,comp
.ос|тылэсь|гем	pl,abl,2pl,comp
.ос|тылэсь	pl,abl,2pl
.ос|дылэсь|гес	pl,abl,2pl,comp
.ос|дылэсь|гем	pl,abl,2pl,comp
.ос|дылэсь	pl,abl,2pl
.ос|тылы|гес	pl,dat,2pl,comp
.ос|тылы|гем	pl,dat,2pl,comp
.ос|тылы	pl,dat,2pl
.ос|дылы|гес	pl,dat,2pl,comp
.ос|дылы|гем	pl,dat,2pl,comp
.ос|дылы	pl,dat,2pl
.ос|тытэк|гес	pl,car,2pl,comp
.ос|тытэк|гем	pl,car,2pl,comp
.ос|тытэк	pl,car,2pl
.ос|дытэк|гес	pl,car,2pl,comp
.ос|дытэк|гем	pl,car,2pl,comp
.ос|дытэк	pl,car,2pl
.ос|тыя|гес	pl,adv,2pl,comp
.ос|тыя|гем	pl,adv,2pl,comp
.ос|тыя	pl,adv,2pl
.ос|дыя|гес	pl,adv,2pl,comp
.ос|дыя|гем	pl,adv,2pl,comp
.ос|дыя	pl,adv,2pl
.ос|тылань|гес	pl,app,2pl,comp
.ос|тылань|гем	pl,app,2pl,comp
.ос|тылань	pl,app,2pl
.ос|дылань|гес	pl,app,2pl,comp
.ос|дылань|гем	pl,app,2pl,comp
.ос|дылань	pl,app,2pl
.ос|тэс|гес	pl,acc,2pl,comp
.ос|тэс|гем	pl,acc,2pl,comp
.ос|тэс	pl,acc,2pl
.ос|дэс|гес	pl,acc,2pl,comp
.ос|дэс|гем	pl,acc,2pl,comp
.ос|дэс	pl,acc,2pl
.ос|ыныды|гес	pl,ins,2pl,comp
.ос|ыныды|гем	pl,ins,2pl,comp
.ос|ыныды	pl,ins,2pl
.ос|ады|гес	pl,loc,2pl,comp
.ос|ады|гем	pl,loc,2pl,comp
.ос|ады	pl,loc,2pl
.ос|ады|гес	pl,ill,2pl,comp
.ос|ады|гем	pl,ill,2pl,comp
.ос|ады	pl,ill,2pl
.ос|ысьтыды|гес	pl,el,2pl,comp
.ос|ысьтыды|гем	pl,el,2pl,comp
.ос|ысьтыды	pl,el,2pl
.ос|ысеныды|гес	pl,egr,2pl,comp
.ос|ысеныды|гем	pl,egr,2pl,comp
.ос|ысеныды	pl,egr,2pl
.ос|озяды|гес	pl,term,2pl,comp
.ос|озяды|гем	pl,term,2pl,comp
.ос|озяды	pl,term,2pl
.ос|ытӥды|гес	pl,prol,2pl,comp
.ос|ытӥды|гем	pl,prol,2pl,comp
.ос|ытӥды	pl,prol,2pl
.ос|тӥды|гес	pl,prol,2pl,comp
.ос|тӥды|гем	pl,prol,2pl,comp
.ос|тӥды	pl,prol,2pl
.ос|сы|гес	pl,nom,3pl,comp
.ос|сы|гем	pl,nom,3pl,comp
.ос|сы	pl,nom,3pl
.ос|зы|гес	pl,nom,3pl,comp
.ос|зы|гем	pl,nom,3pl,comp
.ос|зы	pl,nom,3pl
.ос|сылэн|гес	pl,gen,3pl,comp
.ос|сылэн|гем	pl,gen,3pl,comp
.ос|сылэн	pl,gen,3pl
.ос|зылэн|гес	pl,gen,3pl,comp
.ос|зылэн|гем	pl,gen,3pl,comp
.ос|зылэн	pl,gen,3pl
.ос|сылэсь|гес	pl,abl,3pl,comp
.ос|сылэсь|гем	pl,abl,3pl,comp
.ос|сылэсь	pl,abl,3pl
.ос|зылэсь|гес	pl,abl,3pl,comp
.ос|зылэсь|гем	pl,abl,3pl,comp
.ос|зылэсь	pl,abl,3pl
.ос|сылы|гес	pl,dat,3pl,comp
.ос|сылы|гем	pl,dat,3pl,comp
.ос|сылы	pl,dat,3pl
.ос|зылы|гес	pl,dat,3pl,comp
.ос|зылы|гем	pl,dat,3pl,comp
.ос|зылы	pl,dat,3pl
.ос|сытэк|гес	pl,car,3pl,comp
.ос|сытэк|гем	pl,car,3pl,comp
.ос|сытэк	pl,car,3pl
.ос|зытэк|гес	pl,car,3pl,comp
.ос|зытэк|гем	pl,car,3pl,comp
.ос|зытэк	pl,car,3pl
.ос|сыя|гес	pl,adv,3pl,comp
.ос|сыя|гем	pl,adv,3pl,comp
.ос|сыя	pl,adv,3pl
.ос|зыя|гес	pl,adv,3pl,comp
.ос|зыя|гем	pl,adv,3pl,comp
.ос|зыя	pl,adv,3pl
.ос|сылань|гес	pl,app,3pl,comp
.ос|сылань|гем	pl,app,3pl,comp
.ос|сылань	pl,app,3pl
.ос|зылань|гес	pl,app,3pl,comp
.ос|зылань|гем	pl,app,3pl,comp
.ос|зылань	pl,app,3pl
.ос|сэс|гес	pl,acc,3pl,comp
.ос|сэс|гем	pl,acc,3pl,comp
.ос|сэс	pl,acc,3pl
.ос|зэс|гес	pl,acc,3pl,comp
.ос|зэс|гем	pl,acc,3pl,comp
.ос|зэс	pl,acc,3pl
.ос|ынызы|гес	pl,ins,3pl,comp
.ос|ынызы|гем	pl,ins,3pl,comp
.ос|ынызы	pl,ins,3pl
.ос|азы|гес	pl,loc,3pl,comp
.ос|азы|гем	pl,loc,3pl,comp
.ос|азы	pl,loc,3pl
.ос|азы|гес	pl,ill,3pl,comp
.ос|азы|гем	pl,ill,3pl,comp
.ос|азы	pl,ill,3pl
.ос|ысьтызы|гес	pl,el,3pl,comp
.ос|ысьтызы|гем	pl,el,3pl,comp
.ос|ысьтызы	pl,el,3pl
.ос|ысенызы|гес	pl,egr,3pl,comp
.ос|ысенызы|гем	pl,egr,3pl,comp
.ос|ысенызы	pl,egr,3pl
.ос|озязы|гес	pl,term,3pl,comp
.ос|озязы|гем	pl,term,3pl,comp
.ос|озязы	pl,term,3pl
.ос|ытӥзы|гес	pl,prol,3pl,comp
.ос|ытӥзы|гем	pl,prol,3pl,comp
.ос|ытӥзы	pl,prol,3pl
.ос|тӥзы|гес	pl,prol,3pl,comp
.ос|тӥзы|гем	pl,prol,3pl,comp
.ос|тӥзы	pl,prol,3pl
